ID_EoL,BinomialName,Order,Family,Genus,Species,Domestication,1-1_ActivityCycle,5-1_AdultBodyMass_g,8-1_AdultForearmLen_mm,13-1_AdultHeadBodyLen_mm,2-1_AgeatEyeOpening_d,3-1_AgeatFirstBirth_d,18-1_BasalMetRate_mLO2hr,5-2_BasalMetRateMass_g,6-1_DietBreadth,7-1_DispersalAge_d,9-1_GestationLen_d,12-1_HabitatBreadth,22-1_HomeRange_km2,22-2_HomeRange_Indiv_km2,14-1_InterbirthInterval_d,15-1_LitterSize,16-1_LittersPerYear,17-1_MaxLongevity_m,5-3_NeonateBodyMass_g,13-2_NeonateHeadBodyLen_mm,21-1_PopulationDensity_n/km2,10-1_PopulationGrpSize,23-1_SexualMaturityAge_d,10-2_SocialGrpSize,24-1_TeatNumber,12-2_Terrestriality,6-2_TrophicLevel,25-1_WeaningAge_d,5-4_WeaningBodyMass_g,13-3_WeaningHeadBodyLen_mm,Diet,GestationPeriod,AVGFoodConsumption,Sociality,SocialHierarchy,NumMales,MaturityReachMale,MaturityReachFemale,MatingSystem,NumOffspring,BreedingInterval,YearRoundBreeding,AVGWeight,DevelopmentStrategy,Horns/Antler,Topspeed,Lifespan,ActiveHours,NaturalPredators,Motility,CarryWeight,PullStrength,AVGMovingSpeed,AVGTravelDistance
331074,Addax_nasomaculatus,Artiodactyla,Bovidae,Addax,nasomaculatus,X,1.00,96077.36,-999.00,-999.00,-999.00,1066.86,-999.00,-999.00,5.00,-999.00,262.74,1.00,-999.00,-999.00,360.00,1.00,-999.00,308.04,5633.76,-999.00,-999.00,61.25,-999.00,12.62,4,1.00,1,-999.00,-999.00,-999.00,4,264.1690,,2,1,,24,30.0,NA,10.9810.981.2511.2211.931.221.0121.2211.7310.9810.981.3911.2211111.221.390.98NA1.731.451.1111.5NA11.7921NA1.22NA2.471NA111NA1NA111NANA111.09110.98NA0.981.4111111.221NA1NANA111NA1.461.221.221NA11.391.291.4111.01111NA0.98131.2241111110.980.98111.22NA1.51NA1.221.51.21.2NA1.74NA11.22NA10.98NA1.5NA11111111.611.570.981.40.98NA1110.981.011.22NA1.161.221111.5613.23NA10.982.7331.411NANA1.22NANA11.2220.98NA10.981111.41NA1NA1.01NA1NANA111.56.59NA4.58NA6.243.664.525.470.981.08NANA111121.6511111110.98NA0.961355,,,,,,,,,,,,,,,,,
308540,Aepyceros_melampus,Artiodactyla,Bovidae,Aepyceros,melampus,X,3.00,52591.69,-999.00,1420.00,-999.00,730.00,-999.00,-999.00,2.00,-999.00,196.74,1.00,1.97,2.36,365.00,0.98,-999.00,213.00,5238.40,-999.00,13.36,-999.00,498.97,15.25,4,1.00,1,150.00,14563.80,-999.00,4,199.8377,,2,1,,12,18.0,3,365,,,,,,,,,,,,,,,,,
308529,Alcelaphus_buselaphus,Artiodactyla,Bovidae,Alcelaphus,buselaphus,X,3.00,160937.86,-999.00,1974.99,-999.00,927.70,-999.00,-999.00,2.00,-999.00,242.66,1.00,2.73,1.59,345.50,1.00,-999.00,240.00,12500.00,-999.00,3.65,-999.00,827.69,20.00,2,1.00,1,188.73,47894.46,-999.00,4,231.1669,,2,1,,NA,23.9999736987,NA,365,,,,,,,,,,,,,,,,,
308535,Alcelaphus_lichtensteinii,Artiodactyla,Bovidae,Alcelaphus,lichtensteinii,X,-999.00,168695.66,-999.00,-999.00,-999.00,730.00,-999.00,-999.00,3.00,-999.00,237.00,1.00,4.41,-999.00,365.00,0.98,-999.00,-999.00,15000.00,-999.00,1.71,-999.00,596.29,10.00,-999,1.00,1,-999.00,-999.00,-999.00,NA,NA,,NA,2,,NA,NA,NA,365,,,,,,,,,,,,,,,,,
328654,Alces_alces,Artiodactyla,Cervidae,Alces,alces,X,2.00,461900.76,-999.00,2930.47,-999.00,1216.66,-999.00,-999.00,1.00,-999.00,235.00,1.00,71.75,73.26,365.00,1.25,1.70,324.00,12999.99,-999.00,0.40,-999.00,668.20,1.00,4,1.00,1,98.85,86299.96,-999.00,6,231 ,,1,1,,42.0,22,3,365,,,,,,,,,,,,,,,,,
308536,Ammodorcas_clarkei,Artiodactyla,Bovidae,Ammodorcas,clarkei,X,-999.00,28049.81,-999.00,1509.96,-999.00,-999.00,-999.00,-999.00,-999.00,-999.00,200.00,1.00,-999.00,-999.00,-999.00,1.00,-999.00,36.00,-999.00,-999.00,0.73,-999.00,-999.00,-999.00,4,1.00,-999,-999.00,-999.00,-999.00,4,206.8335,,1,2,,15,15,NA,NA,,,,,,,,,,,,,,,,,
328662,Ammotragus_lervia,Artiodactyla,Bovidae,Ammotragus,lervia,X,-999.00,94202.22,-999.00,1449.99,-999.00,407.58,-999.00,-999.00,2.00,-999.00,156.24,1.00,7.06,6.62,212.91,1.22,-999.00,252.00,4500.00,-999.00,-999.00,-999.00,507.09,-999.00,3,1.00,1,121.66,-999.00,-999.00,4,162.2730,,2,1,,NA,19,3,229,,,,,,,,,,,,,,,,,
308537,Antidorcas_marsupialis,Artiodactyla,Bovidae,Antidorcas,marsupialis,X,2.00,33571.24,-999.00,1055.00,-999.00,-999.00,-999.00,-999.00,2.00,-999.00,169.49,1.00,-999.00,-999.00,365.00,1.00,-999.00,240.00,3841.48,-999.00,10.69,3000.00,331.73,-999.00,-999,1.00,1,57.45,-999.00,-999.00,NA,171.3981,,2,1,,13.1506705198,7.0027320518,NA,365,,,,,,,,,,,,,,,,,
328661,Antilocapra_americana,Artiodactyla,Antilocapridae,Antilocapra,americana,X,-999.00,47450.01,-999.00,1310.00,-999.00,365.00,8960.00,32000.00,2.00,-999.00,247.99,1.00,8.05,9.53,365.00,1.93,1.00,144.00,3454.70,-999.00,0.82,1000.00,534.68,12.00,-999,1.00,1,87.54,9662.00,-999.00,4,252 ,,2,1,,24,5,3,365,,,,,,,,,,,,,,,,,
311909,Antilope_cervicapra,Artiodactyla,Bovidae,Antilope,cervicapra,X,-999.00,36301.10,-999.00,1250.00,-999.00,669.16,-999.00,-999.00,5.00,-999.00,166.59,1.00,0.62,-999.00,212.56,1.22,2.00,243.00,3386.14,-999.00,4.25,27.50,700.04,30.00,-999,1.00,1,59.50,-999.00,-999.00,NA,167.2918,,2,1,,NA,15.3205311556,NA,231,,,,,,,,,,,,,,,,,
313989,Axis_axis,Artiodactyla,Cervidae,Axis,axis,X,-999.00,69499.99,-999.00,-999.00,-999.00,-999.00,-999.00,-999.00,-999.00,-999.00,227.49,-999.00,0.67,2.67,425.83,1.01,-999.00,249.60,3156.86,-999.00,6.69,-999.00,543.68,-999.00,-999,-999.00,-999,121.66,-999.00,-999.00,4,228.1252,,2,1,,30.0164054615,15.5,NA,426,,,,,,,,,,,,,,,,,
308522,Axis_calamianensis,Artiodactyla,Cervidae,Axis,calamianensis,X,3.00,39812.60,-999.00,1387.44,-999.00,-999.00,-999.00,-999.00,-999.00,-999.00,224.00,-999.00,-999.00,-999.00,-999.00,2.00,-999.00,-999.00,-999.00,-999.00,-999.00,-999.00,-999.00,-999.00,-999,-999.00,-999,-999.00,-999.00,-999.00,NA,NA,,NA,2,,NA,NA,NA,NA,,,,,,,,,,,,,,,,,
308520,Axis_kuhlii,Artiodactyla,Cervidae,Axis,kuhlii,X,3.00,54999.99,-999.00,1375.00,-999.00,-999.00,-999.00,-999.00,2.00,-999.00,227.49,-999.00,-999.00,-999.00,-999.00,1.22,1.30,-999.00,-999.00,-999.00,4.44,-999.00,-999.00,-999.00,-999,-999.00,1,-999.00,-999.00,-999.00,NA,NA,,NA,2,,NA,NA,NA,NA,,,,,,,,,,,,,,,,,
308521,Axis_porcinus,Artiodactyla,Cervidae,Axis,porcinus,X,-999.00,37448.29,-999.00,-999.00,-999.00,-999.00,-999.00,-999.00,3.00,-999.00,220.13,-999.00,0.52,-999.00,-999.00,1.00,-999.00,240.00,2483.33,-999.00,16.50,-999.00,464.04,1.80,-999,-999.00,1,-999.00,-999.00,-999.00,4,243.3336,,1,2,,10,10,3,NA,,,,,,,,,,,,,,,,,
328330,Babyrousa_babyrussa,Artiodactyla,Suidae,Babyrousa,babyrussa,X,3.00,92950.09,-999.00,950.00,-999.00,-999.00,-999.00,-999.00,6.00,-999.00,156.50,1.00,-999.00,-999.00,-999.00,1.73,1.50,288.00,715.00,-999.00,-999.00,-999.00,362.50,4.50,4,1.00,2,212.91,-999.00,-999.00,NA,153 ,,NA,2,,18.0164186121,18.0164186121,NA,NA,,,,,,,,,,,,,,,,,
308533,Beatragus_hunteri,Artiodactyla,Bovidae,Beatragus,hunteri,X,-999.00,79132.17,-999.00,1600.00,-999.00,-999.00,-999.00,-999.00,1.00,-999.00,252.28,1.00,-999.00,-999.00,-999.00,1.00,-999.00,182.04,8350.00,-999.00,0.42,-999.00,-999.00,13.50,2,1.00,1,-999.00,-999.00,-999.00,4,228.1252,,2,1,,42.0,30.0,3,NA,,,,,,,,,,,,,,,,,
328109,Bison_bison,Artiodactyla,Bovidae,Bison,bison,X,2.00,624577.07,-999.00,2849.24,-999.00,1095.00,-999.00,-999.00,2.00,-999.00,283.17,2.00,47.39,65.71,399.00,0.98,1.00,396.00,20000.00,-999.00,0.28,1000.00,921.77,30.00,-999,1.00,1,287.32,157500.00,-999.00,4,285 ,,2,1,,36,30.0,3,452,,,,,,,,,,,,,,,,,
328110,Bison_bonasus,Artiodactyla,Bovidae,Bison,bonasus,X,2.00,675876.70,-999.00,2900.00,-999.00,1068.38,-999.00,-999.00,2.00,-999.00,265.99,2.00,7.91,7.42,638.75,1.00,1.00,324.00,23358.61,-999.00,0.88,-999.00,841.82,35.00,-999,1.00,1,287.32,-999.00,-999.00,4,265.5,,2,1,,24,36,3,641,,,,,,,,,,,,,,,,,
308478,Blastocerus_dichotomus,Artiodactyla,Cervidae,Blastocerus,dichotomus,X,2.00,112518.53,-999.00,1720.00,-999.00,-999.00,-999.00,-999.00,3.00,-999.00,272.37,1.00,-999.00,-999.00,-999.00,0.98,1.00,-999.00,4199.99,-999.00,0.12,-999.00,-999.00,3.00,-999,1.00,1,-999.00,-999.00,-999.00,NA,270 ,,NA,2,,NA,NA,NA,NA,,,,,,,,,,,,,,,,,
311908,Boselaphus_tragocamelus,Artiodactyla,Bovidae,Boselaphus,tragocamelus,X,-999.00,182253.04,-999.00,2000.00,-999.00,912.50,-999.00,-999.00,5.00,-999.00,248.49,-999.00,-999.00,-999.00,400.50,1.39,-999.00,260.40,5875.00,-999.00,2.39,-999.00,-999.00,-999.00,-999,-999.00,1,-999.00,-999.00,-999.00,NA,256.5648,,2,2,,NA,26.7944911841,NA,365,,,,,,,,,,,,,,,,,
328700,Bos_grunniens,Artiodactyla,Bovidae,Bos,grunniens,X,-999.00,500000.00,-999.00,-999.00,-999.00,-999.00,-999.00,-999.00,2.00,-999.00,273.75,-999.00,-999.00,-999.00,-999.00,1.00,1.00,267.00,-999.00,-999.00,-999.00,-999.00,755.15,110.00,-999,-999.00,1,243.33,-999.00,-999.00,4,283.7878,,2,1,,84,84,3,NA,,,,,,,,,,,,,,,,,
1037711,Bos_javanicus,Artiodactyla,Bovidae,Bos,javanicus,X,2.00,635974.34,-999.00,2075.00,-999.00,912.50,-999.00,-999.00,2.00,-999.00,296.78,1.00,-999.00,-999.00,-999.00,1.22,1.00,318.96,-999.00,-999.00,0.75,21.00,797.31,40.00,-999,1.00,1,287.74,-999.00,-999.00,4,288.9586,,2,1,,30.0,30.0,3,NA,,,,,,,,,,,,,,,,,
328706,Bos_sauveli,Artiodactyla,Bovidae,Bos,sauveli,X,2.00,791321.76,-999.00,2175.00,-999.00,-999.00,-999.00,-999.00,2.00,-999.00,-999.00,1.00,-999.00,-999.00,-999.00,-999.00,-999.00,-999.00,-999.00,-999.00,-999.00,-999.00,755.15,20.00,-999,1.00,1,-999.00,-999.00,-999.00,4,258.5419,,2,1,,NA,NA,NA,NA,,,,,,,,,,,,,,,,,
328727,Bubalus_depressicornis,Artiodactyla,Bovidae,Bubalus,depressicornis,X,3.00,256989.27,-999.00,1728.58,-999.00,-999.00,-999.00,-999.00,3.00,-999.00,295.78,1.00,-999.00,-999.00,-999.00,1.00,1.00,432.96,-999.00,-999.00,-999.00,-999.00,755.15,1.00,-999,1.00,1,-999.00,-999.00,-999.00,6,299.1482,,1,2,,24,24,NA,NA,,,,,,,,,,,,,,,,,
328729,Bubalus_mindorensis,Artiodactyla,Bovidae,Bubalus,mindorensis,X,2.00,254389.74,-999.00,2199.99,-999.00,-999.00,-999.00,-999.00,2.00,1095.00,306.06,1.00,-999.00,-999.00,1095.00,1.00,1.00,336.00,-999.00,-999.00,-999.00,11.00,755.15,1.00,-999,1.00,1,-999.00,-999.00,-999.00,4,299.6044,,1,2,,NA,NA,NA,1095,,,,,,,,,,,,,,,,,
328730,Bubalus_quarlesi,Artiodactyla,Bovidae,Bubalus,quarlesi,X,3.00,181718.86,-999.00,1577.97,-999.00,-999.00,-999.00,-999.00,3.00,-999.00,294.99,-999.00,-999.00,-999.00,-999.00,1.00,1.00,270.00,-999.00,-999.00,-999.00,-999.00,755.15,1.00,-999,-999.00,1,-999.00,-999.00,-999.00,4,299.1482,,1,2,,24,24,NA,NA,,,,,,,,,,,,,,,,,
1038793,Budorcas_taxicolor,Artiodactyla,Bovidae,Budorcas,taxicolor,X,-999.00,294515.33,-999.00,1736.00,-999.00,-999.00,-999.00,-999.00,3.00,-999.00,235.60,1.00,-999.00,-999.00,365.00,1.22,-999.00,234.96,-999.00,-999.00,-999.00,300.00,928.08,14.00,4,1.00,1,118.55,-999.00,-999.00,NA,212.9169,,1,2,,23.9999736987,23.9999736987,NA,365,,,,,,,,,,,,,,,,,
344581,Camelus_bactrianus,Artiodactyla,Camelidae,Camelus,bactrianus,X,-999.00,554515.91,-999.00,-999.00,-999.00,1460.00,-999.00,-999.00,2.00,-999.00,397.99,1.00,-999.00,-999.00,730.00,1.39,1.00,480.00,34346.64,-999.00,0.06,-999.00,1330.60,6.20,-999,1.00,1,368.13,-999.00,-999.00,6,400,,2,1,,66.0,48,3,730,,,,,,,,,,,,,,,,,
309019,Camelus_dromedarius,Artiodactyla,Camelidae,Camelus,dromedarius,X,3.00,492714.47,-999.00,-999.00,-999.00,1651.62,40293.00,407000.00,3.00,-999.00,386.51,1.00,196.32,-999.00,614.41,0.98,1.00,480.00,36751.19,-999.00,0.98,11.00,1947.94,10.00,-999,1.00,1,389.38,-999.00,-999.00,4,405,,2,2,,72,36,3,607,,,,,,,,,,,,,,,,,
328690,Capra_caucasica,Artiodactyla,Bovidae,Capra,caucasica,X,-999.00,58149.52,-999.00,-999.00,-999.00,-999.00,-999.00,-999.00,-999.00,-999.00,155.00,-999.00,-999.00,-999.00,-999.00,1.09,-999.00,264.00,-999.00,-999.00,-999.00,-999.00,1015.00,-999.00,3,-999.00,-999,-999.00,-999.00,-999.00,NA,157.1022,,2,1,,NA,NA,NA,NA,,,,,,,,,,,,,,,,,
328691,Capra_falconeri,Artiodactyla,Bovidae,Capra,falconeri,X,3.00,54303.37,-999.00,1590.00,-999.00,730.00,-999.00,-999.00,2.00,-999.00,167.98,1.00,-999.00,-999.00,-999.00,1.73,-999.00,168.00,-999.00,-999.00,-999.00,11.00,1015.00,-999.00,-999,1.00,1,167.29,-999.00,-999.00,6,154.6689,,1,1,,36,24,3,NA,,,,,,,,,,,,,,,,,
328660,Capra_hircus,Artiodactyla,Bovidae,Capra,hircus,X,-999.00,47386.47,-999.00,-999.00,-999.00,669.16,-999.00,-999.00,2.00,-999.00,156.00,-999.00,98.30,47.24,365.00,1.45,-999.00,249.60,2136.11,375.56,7.58,-999.00,498.97,-999.00,3,-999.00,1,158.04,-999.00,-999.00,4,150.5626,,2,1,,6.5,12,3,451,,,,,,,,,,,,,,,,,
328692,Capra_ibex,Artiodactyla,Bovidae,Capra,ibex,X,-999.00,69546.83,-999.00,-999.00,-999.00,912.50,-999.00,-999.00,2.00,-999.00,167.50,1.00,-999.00,-999.00,547.50,1.11,-999.00,267.60,2779.07,-999.00,-999.00,-999.00,838.54,-999.00,3,1.00,1,111.75,15683.39,-999.00,6,165.7710,,1,1,,10,10,3,489,,,,,,,,,,,,,,,,,
328693,Capra_nubiana,Artiodactyla,Bovidae,Capra,nubiana,X,-999.00,47763.72,-999.00,-999.00,-999.00,-999.00,-999.00,-999.00,-999.00,-999.00,150.00,-999.00,-999.00,-999.00,-999.00,1.00,-999.00,204.00,-999.00,-999.00,-999.00,-999.00,-999.00,-999.00,-999,-999.00,-999,-999.00,-999.00,-999.00,4,159.6876,,2,1,,54.0,24,3,NA,,,,,,,,,,,,,,,,,
328694,Capra_pyrenaica,Artiodactyla,Bovidae,Capra,pyrenaica,X,-999.00,60898.77,-999.00,1200.00,-999.00,-999.00,-999.00,-999.00,2.00,-999.00,150.00,-999.00,0.64,0.51,-999.00,1.50,-999.00,192.00,-999.00,-999.00,-999.00,-999.00,-999.00,-999.00,3,-999.00,1,-999.00,-999.00,-999.00,6,166.8355,,2,1,,27.00,27.00,3,NA,,,,,,,,,,,,,,,,,
328695,Capra_sibirica,Artiodactyla,Bovidae,Capra,sibirica,X,-999.00,130000.00,-999.00,-999.00,-999.00,-999.00,-999.00,-999.00,-999.00,-999.00,175.00,-999.00,-999.00,-999.00,-999.00,-999.00,-999.00,267.00,3640.00,-999.00,-999.00,-999.00,-999.00,-999.00,-999,-999.00,-999,-999.00,-999.00,-999.00,4,177.4814,,2,1,,60,24,3,NA,,,,,,,,,,,,,,,,,
328696,Capra_walie,Artiodactyla,Bovidae,Capra,walie,X,-999.00,100144.02,-999.00,-999.00,-999.00,-999.00,-999.00,-999.00,-999.00,-999.00,157.50,1.00,-999.00,-999.00,-999.00,1.00,-999.00,-999.00,-999.00,-999.00,4.07,-999.00,-999.00,-999.00,-999,1.00,-999,-999.00,-999.00,-999.00,4,NA,,2,1,,12,12,3,NA,,,,,,,,,,,,,,,,,
308479,Capreolus_capreolus,Artiodactyla,Cervidae,Capreolus,capreolus,X,2.00,22502.01,-999.00,-999.00,-999.00,730.00,78470.00,190000.00,-999.00,-999.00,196.00,1.00,0.52,0.49,365.00,1.79,-999.00,204.00,1208.55,-999.00,7.61,-999.00,400.97,-999.00,-999,1.00,-999,79.75,-999.00,-999.00,NA,304.1670,,2,2,,21.5342229762,13.5780673117,NA,365,,,,,,,,,,,,,,,,,
129573,Capreolus_pygargus,Artiodactyla,Cervidae,Capreolus,pygargus,X,2.00,41371.03,-999.00,1320.00,-999.00,-999.00,-999.00,-999.00,-999.00,-999.00,290.00,1.00,0.99,1.06,-999.00,2.00,-999.00,-999.00,1923.53,-999.00,80.00,-999.00,908.84,-999.00,-999,1.00,-999,136.10,-999.00,-999.00,NA,NA,,NA,2,,NA,NA,NA,NA,,,,,,,,,,,,,,,,,
1038800,Capricornis_crispus,Artiodactyla,Bovidae,Capricornis,crispus,X,-999.00,43030.64,-999.00,-999.00,-999.00,-999.00,-999.00,-999.00,-999.00,1603.59,213.00,-999.00,0.11,0.11,547.50,1.00,1.00,222.96,3499.99,-999.00,1.98,-999.00,988.23,-999.00,4,-999.00,-999,59.27,-999.00,-999.00,4,218.0877,,1,2,,33.00,33.00,1,5475,,,,,,,,,,,,,,,,,
7216318,Capricornis_milneedwardsii,Artiodactyla,Bovidae,Capricornis,milneedwardsii,X,-999.00,-999.00,-999.00,-999.00,-999.00,-999.00,-999.00,-999.00,-999.00,-999.00,-999.00,-999.00,-999.00,-999.00,-999.00,-999.00,-999.00,-999.00,-999.00,-999.00,-999.00,-999.00,-999.00,-999.00,-999,-999.00,-999,-999.00,-999.00,-999.00,NA,NA,,NA,2,,NA,NA,NA,NA,,,,,,,,,,,,,,,,,
1038801,Capricornis_sumatraensis,Artiodactyla,Bovidae,Capricornis,sumatraensis,X,-999.00,110942.22,-999.00,1449.99,-999.00,-999.00,-999.00,-999.00,2.00,-999.00,231.37,-999.00,-999.00,-999.00,-999.00,1.22,-999.00,252.00,4100.00,-999.00,-999.00,-999.00,-999.00,-999.00,4,-999.00,1,166.34,-999.00,-999.00,4,212.9169,,1,2,,NA,NA,NA,NA,,,,,,,,,,,,,,,,,
1038802,Capricornis_swinhoei,Artiodactyla,Bovidae,Capricornis,swinhoei,X,-999.00,-999.00,-999.00,-999.00,-999.00,-999.00,-999.00,-999.00,-999.00,-999.00,-999.00,-999.00,-999.00,-999.00,-999.00,-999.00,-999.00,-999.00,-999.00,-999.00,-999.00,-999.00,-999.00,-999.00,-999,-999.00,-999,-999.00,-999.00,-999.00,NA,NA,,NA,2,,NA,NA,NA,NA,,,,,,,,,,,,,,,,,
328336,Catagonus_wagneri,Artiodactyla,Tayassuidae,Catagonus,wagneri,X,3.00,35566.40,140.59,1025.93,-999.00,730.00,-999.00,-999.00,6.00,-999.00,152.08,1.00,7.00,8.03,-999.00,2.47,-999.00,108.00,600.20,-999.00,9.24,4.50,821.58,5.75,8,1.00,2,60.37,-999.00,-999.00,NA,NA,,NA,2,,NA,36.0328372243,NA,NA,,,,,,,,,,,,,,,,,
328701,Cephalophus_adersi,Artiodactyla,Bovidae,Cephalophus,adersi,X,-999.00,9249.95,-999.00,690.00,-999.00,-999.00,-999.00,-999.00,4.00,-999.00,120.00,1.00,-999.00,-999.00,-999.00,1.00,-999.00,48.96,-999.00,-999.00,3.65,1.50,-999.00,-999.00,4,1.00,1,-999.00,-999.00,-999.00,NA,NA,,NA,2,,NA,NA,NA,NA,,,,,,,,,,,,,,,,,
328702,Cephalophus_callipygus,Artiodactyla,Bovidae,Cephalophus,callipygus,X,3.00,19079.23,-999.00,1014.28,-999.00,-999.00,-999.00,-999.00,3.00,-999.00,-999.00,1.00,0.32,0.30,-999.00,-999.00,-999.00,-999.00,2800.00,-999.00,-999.00,-999.00,-999.00,-999.00,4,1.00,1,-999.00,-999.00,-999.00,NA,NA,,NA,2,,NA,NA,NA,NA,,,,,,,,,,,,,,,,,
328703,Cephalophus_dorsalis,Artiodactyla,Bovidae,Cephalophus,dorsalis,X,1.00,20000.00,-999.00,849.99,-999.00,760.41,-999.00,-999.00,4.00,-999.00,238.00,1.00,0.27,0.26,-999.00,1.00,-999.00,204.96,1611.37,-999.00,-999.00,-999.00,547.46,1.00,4,1.00,2,-999.00,-999.00,-999.00,NA,NA,,NA,2,,NA,NA,NA,NA,,,,,,,,,,,,,,,,,
328713,Cephalophus_jentinki,Artiodactyla,Bovidae,Cephalophus,jentinki,X,1.00,68489.54,-999.00,1349.99,-999.00,-999.00,-999.00,-999.00,4.00,-999.00,-999.00,-999.00,-999.00,-999.00,-999.00,1.00,-999.00,210.00,4581.46,-999.00,0.10,-999.00,-999.00,-999.00,4,-999.00,1,-999.00,-999.00,-999.00,NA,NA,,NA,2,,NA,NA,NA,NA,,,,,,,,,,,,,,,,,
328714,Cephalophus_leucogaster,Artiodactyla,Bovidae,Cephalophus,leucogaster,X,3.00,13208.69,-999.00,939.32,-999.00,-999.00,-999.00,-999.00,5.00,-999.00,-999.00,1.00,-999.00,-999.00,-999.00,1.00,-999.00,63.96,-999.00,-999.00,-999.00,-999.00,-999.00,-999.00,4,1.00,2,-999.00,-999.00,-999.00,NA,NA,,NA,2,,NA,NA,NA,NA,,,,,,,,,,,,,,,,,
328704,Cephalophus_natalensis,Artiodactyla,Bovidae,Cephalophus,natalensis,X,3.00,12724.51,-999.00,786.14,-999.00,-999.00,-999.00,-999.00,4.00,-999.00,212.97,1.00,0.06,0.09,235.00,1.00,-999.00,180.00,954.89,-999.00,6.92,-999.00,-999.00,2.00,4,1.00,1,-999.00,-999.00,-999.00,NA,NA,,NA,2,,NA,NA,NA,NA,,,,,,,,,,,,,,,,,
328709,Cephalophus_niger,Artiodactyla,Bovidae,Cephalophus,niger,X,-999.00,19094.32,-999.00,1041.80,-999.00,-999.00,-999.00,-999.00,7.00,-999.00,126.00,1.00,-999.00,-999.00,-999.00,1.00,-999.00,122.04,1940.00,-999.00,1.14,-999.00,-999.00,-999.00,4,1.00,2,89.49,-999.00,-999.00,6,170.3335,,1,2,,13.5,13.5,NA,NA,,,,,,,,,,,,,,,,,
328720,Cephalophus_nigrifrons,Artiodactyla,Bovidae,Cephalophus,nigrifrons,X,2.00,14676.33,-999.00,944.21,-999.00,-999.00,-999.00,-999.00,4.00,-999.00,-999.00,1.00,-999.00,-999.00,-999.00,-999.00,-999.00,236.40,-999.00,-999.00,2.00,-999.00,-999.00,-999.00,4,1.00,1,-999.00,-999.00,-999.00,NA,NA,,NA,2,,NA,NA,NA,NA,,,,,,,,,,,,,,,,,
328719,Cephalophus_ogilbyi,Artiodactyla,Bovidae,Cephalophus,ogilbyi,X,3.00,18386.42,-999.00,1000.00,-999.00,-999.00,-999.00,-999.00,-999.00,-999.00,121.66,-999.00,0.07,0.08,-999.00,1.00,-999.00,-999.00,-999.00,-999.00,-999.00,-999.00,-999.00,-999.00,4,-999.00,-999,-999.00,-999.00,-999.00,NA,NA,,NA,2,,NA,NA,NA,NA,,,,,,,,,,,,,,,,,
328721,Cephalophus_rufilatus,Artiodactyla,Bovidae,Cephalophus,rufilatus,X,3.00,12114.57,-999.00,650.00,-999.00,794.63,-999.00,-999.00,5.00,-999.00,233.99,1.00,-999.00,-999.00,-999.00,1.00,-999.00,114.00,975.10,-999.00,3.18,-999.00,-999.00,1.00,4,1.00,2,85.59,-999.00,-999.00,6,237.2502,,1,2,,9,9,1,NA,,,,,,,,,,,,,,,,,
328708,Cephalophus_silvicultor,Artiodactyla,Bovidae,Cephalophus,silvicultor,X,2.00,62006.60,-999.00,1324.76,-999.00,-999.00,-999.00,-999.00,5.00,-999.00,234.43,1.00,-999.00,-999.00,306.00,1.00,-999.00,207.96,4400.72,-999.00,0.50,-999.00,-999.00,1.00,4,1.00,2,34.90,-999.00,-999.00,1,121.6668,,1,2,,15,10.5,1,306,,,,,,,,,,,,,,,,,
328722,Cephalophus_spadix,Artiodactyla,Bovidae,Cephalophus,spadix,X,1.00,56857.02,-999.00,1174.48,-999.00,-999.00,-999.00,-999.00,3.00,-999.00,-999.00,1.00,-999.00,-999.00,-999.00,-999.00,-999.00,65.04,-999.00,-999.00,-999.00,-999.00,-999.00,-999.00,4,1.00,1,-999.00,-999.00,-999.00,NA,NA,,NA,2,,NA,NA,NA,NA,,,,,,,,,,,,,,,,,
328723,Cephalophus_weynsi,Artiodactyla,Bovidae,Cephalophus,weynsi,X,-999.00,-999.00,-999.00,-999.00,-999.00,-999.00,-999.00,-999.00,-999.00,-999.00,-999.00,-999.00,-999.00,-999.00,-999.00,-999.00,-999.00,183.00,-999.00,-999.00,-999.00,-999.00,-999.00,-999.00,-999,-999.00,-999,-999.00,-999.00,-999.00,NA,NA,,NA,2,,NA,NA,NA,NA,,,,,,,,,,,,,,,,,
328710,Cephalophus_zebra,Artiodactyla,Bovidae,Cephalophus,zebra,X,-999.00,15654.75,-999.00,874.99,-999.00,-999.00,-999.00,-999.00,3.00,-999.00,223.89,1.00,-999.00,-999.00,-999.00,1.00,-999.00,146.04,1704.99,-999.00,-999.00,-999.00,-999.00,-999.00,4,1.00,2,13.64,-999.00,-999.00,NA,228.1252,,1,2,,NA,NA,NA,NA,,,,,,,,,,,,,,,,,
311503,Ceratotherium_simum,Perissodactyla,Rhinocerotidae,Ceratotherium,simum,X,2.00,2285939.43,-999.00,2586.81,-999.00,2463.75,-999.00,-999.00,1.00,902.99,534.19,1.00,19.09,19.00,967.25,1.00,-999.00,600.00,48500.00,-999.00,0.47,3.75,2741.23,-999.00,-999,1.00,1,365.00,274482.35,-999.00,4,540,,NA,1,,72,48,4,1009,,,,,,,,,,,,,,,,,
328649,Cervus_elaphus,Artiodactyla,Cervidae,Cervus,elaphus,X,2.00,240867.13,-999.00,2136.72,-999.00,993.71,-999.00,-999.00,5.00,-999.00,235.61,1.00,58.42,54.81,-999.00,1.09,-999.00,321.60,8255.82,-999.00,2.90,-999.00,659.91,17.50,-999,1.00,1,104.64,43977.20,-999.00,6,254.4356,,2,2,,16,16,3,12,,,,,,,,,,,,,,,,,
328650,Cervus_nippon,Artiodactyla,Cervidae,Cervus,nippon,X,2.00,52999.99,-999.00,1200.51,-999.00,1095.00,-999.00,-999.00,2.00,-999.00,223.66,1.00,1.43,0.62,-999.00,1.00,-999.00,305.04,4277.11,570.00,0.75,-999.00,518.12,7.50,4,1.00,1,197.70,-999.00,-999.00,4,212.9169,,2,2,,17,17,3,NA,,,,,,,,,,,,,,,,,
308530,Connochaetes_gnou,Artiodactyla,Bovidae,Connochaetes,gnou,X,2.00,156547.53,-999.00,1821.79,-999.00,912.50,-999.00,-999.00,2.00,-999.00,256.76,1.00,0.95,-999.00,-999.00,1.00,-999.00,240.00,10941.45,-999.00,34.62,-999.00,965.63,26.75,2,1.00,1,111.57,-999.00,-999.00,4,250.9377,,2,1,,36,24,3,NA,,,,,,,,,,,,,,,,,
308531,Connochaetes_taurinus,Artiodactyla,Bovidae,Connochaetes,taurinus,X,2.00,198619.68,-999.00,2014.99,-999.00,730.00,26460.00,90000.00,1.00,-999.00,251.49,1.00,-999.00,-999.00,365.00,0.98,-999.00,258.00,18044.36,-999.00,7.99,-999.00,841.82,20.00,2,1.00,1,256.32,51051.33,-999.00,4,243.3336,,2,2,,24,16,3,365,,,,,,,,,,,,,,,,,
308402,Dama_dama,Artiodactyla,Cervidae,Dama,dama,X,2.00,57224.61,-999.00,-999.00,-999.00,1095.00,-999.00,-999.00,2.00,319.37,230.00,1.00,0.71,0.61,365.00,1.00,-999.00,300.00,4698.44,621.14,21.99,-999.00,543.28,10.50,-999,1.00,1,177.63,16720.38,-999.00,4,238,,1,2,,17,16,3,NA,,,,,,,,,,,,,,,,,
308534,Damaliscus_lunatus,Artiodactyla,Bovidae,Damaliscus,lunatus,X,2.00,136000.33,-999.00,1700.00,-999.00,912.50,-999.00,-999.00,1.00,-999.00,238.00,1.00,-999.00,-999.00,-999.00,0.98,-999.00,216.00,11000.00,-999.00,2.74,-999.00,665.30,3.60,2,1.00,1,-999.00,-999.00,-999.00,NA,241.2044,,2,1,,NA,21.0081961554,NA,NA,,,,,,,,,,,,,,,,,
308532,Damaliscus_pygargus,Artiodactyla,Bovidae,Damaliscus,pygargus,X,-999.00,77784.55,-999.00,-999.00,-999.00,1003.75,-999.00,-999.00,-999.00,-999.00,240.54,-999.00,-999.00,-999.00,365.00,1.41,-999.00,260.04,6873.81,-999.00,24.56,-999.00,620.76,-999.00,2,-999.00,-999,121.66,21189.56,-999.00,NA,243.3336,,2,1,,NA,23.2438101438,NA,365,,,,,,,,,,,,,,,,,
311504,Dicerorhinus_sumatrensis,Perissodactyla,Rhinocerotidae,Dicerorhinus,sumatrensis,X,2.00,1046156.04,-999.00,2769.99,-999.00,-999.00,-999.00,-999.00,2.00,-999.00,310.19,2.00,11.87,12.72,1277.50,1.00,-999.00,420.00,22849.50,911.99,1.05,1.00,2784.26,-999.00,-999,1.00,1,362.93,-999.00,-999.00,6,236 ,,NA,2,,NA,90.0163397081,NA,1278,,,,,,,,,,,,,,,,,
311501,Diceros_bicornis,Perissodactyla,Rhinocerotidae,Diceros,bicornis,X,-999.00,995940.54,-999.00,2849.99,-999.00,2053.12,-999.00,-999.00,2.00,-999.00,466.24,1.00,11.48,13.24,1049.37,1.00,-999.00,564.00,34999.99,-999.00,0.11,1.00,2199.16,1.00,-999,1.00,1,583.09,426865.48,-999.00,6,456.2505,,1,2,,90.0,72,3,1059,,,,,,,,,,,,,,,,,
308538,Dorcatragus_megalotis,Artiodactyla,Bovidae,Dorcatragus,megalotis,X,3.00,10918.12,-999.00,779.98,-999.00,-999.00,-999.00,-999.00,3.00,-999.00,-999.00,1.00,-999.00,-999.00,-999.00,1.00,-999.00,168.00,-999.00,-999.00,-999.00,-999.00,-999.00,7.00,2,1.00,1,-999.00,-999.00,-999.00,NA,NA,,NA,2,,NA,NA,NA,NA,,,,,,,,,,,,,,,,,
308480,Elaphodus_cephalophus,Artiodactyla,Cervidae,Elaphodus,cephalophus,X,-999.00,23087.87,-999.00,-999.00,-999.00,-999.00,-999.00,-999.00,-999.00,-999.00,181.24,-999.00,-999.00,-999.00,-999.00,1.00,-999.00,-999.00,-999.00,-999.00,-999.00,-999.00,631.37,-999.00,-999,-999.00,-999,-999.00,-999.00,-999.00,6,182.5002,,1,2,,21,21,3,NA,,,,,,,,,,,,,,,,,
308403,Elaphurus_davidianus,Artiodactyla,Cervidae,Elaphurus,davidianus,X,-999.00,165989.17,-999.00,-999.00,-999.00,-999.00,-999.00,-999.00,2.00,-999.00,286.49,1.00,-999.00,-999.00,359.50,1.22,-999.00,279.60,10467.50,-999.00,-999.00,-999.00,-999.00,-999.00,-999,1.00,1,155.59,-999.00,-999.00,4,283.7878,,2,2,,27,27,3,360,,,,,,,,,,,,,,,,,
328647,Equus_asinus,Perissodactyla,Equidae,Equus,asinus,X,-999.00,164998.49,-999.00,-999.00,-999.00,866.87,-999.00,-999.00,-999.00,-999.00,367.00,1.00,139.69,-999.00,-999.00,1.00,-999.00,564.00,29249.99,-999.00,3.06,-999.00,742.46,-999.00,-999,1.00,-999,-999.00,32500.00,-999.00,4,365.0004,,2,2,,33.041059681,24,3,NA,,,,,,,,,,,,,,,,,
47186326,Equus_burchellii,Perissodactyla,Equidae,Equus,burchellii,X,-999.00,279160.65,-999.00,-999.00,-999.00,1277.50,-999.00,-999.00,3.00,-999.00,371.20,1.00,127.99,120.07,385.00,1.00,-999.00,480.00,32274.54,-999.00,7.00,5.10,709.82,-999.00,-999,1.00,1,294.11,165361.14,-999.00,4,378,,2,1,,19,19,3,NA,,,,,,,,,,,,,,,,,
129473,Equus_grevyi,Perissodactyla,Equidae,Equus,grevyi,X,-999.00,408000.35,-999.00,2700.00,-999.00,1642.50,-999.00,-999.00,1.00,843.65,406.00,1.00,-999.00,-999.00,-999.00,1.00,0.50,312.00,39999.99,-999.00,2.27,-999.00,1341.92,-999.00,-999,1.00,1,271.70,-999.00,-999.00,4,398,,1,1,,48,42.0,3,575,,,,,,,,,,,,,,,,,
311505,Equus_hemionus,Perissodactyla,Equidae,Equus,hemionus,X,-999.00,235248.07,-999.00,2250.00,-999.00,1277.50,-999.00,-999.00,2.00,547.50,346.00,1.00,-999.00,-999.00,547.50,1.00,-999.00,465.60,-999.00,-999.00,0.69,3.00,1184.16,3.00,-999,1.00,1,456.25,-999.00,-999.00,4,33823.3704,,2,2,,42.0,42.0,1,NA,,,,,,,,,,,,,,,,,
311506,Equus_kiang,Perissodactyla,Equidae,Equus,kiang,X,-999.00,281138.63,-999.00,-999.00,-999.00,-999.00,-999.00,-999.00,-999.00,-999.00,260.76,1.00,-999.00,-999.00,-999.00,-999.00,-999.00,-999.00,-999.00,-999.00,-999.00,-999.00,-999.00,40.00,-999,1.00,-999,-999.00,-999.00,-999.00,4,365.0004,,2,1,,24,24,3,NA,,,,,,,,,,,,,,,,,
129474,Equus_zebra,Perissodactyla,Equidae,Equus,zebra,X,3.00,282462.13,-999.00,2350.00,-999.00,1633.37,-999.00,-999.00,2.00,655.29,363.49,1.00,7.40,6.88,653.95,1.00,0.35,288.00,29496.68,1000.00,1.32,4.00,963.17,13.00,-999,1.00,1,181.46,117097.78,-999.00,4,365 ,,2,1,,42,49,3,670,,,,,,,,,,,,,,,,,
129515,Eudorcas_rufifrons,Artiodactyla,Bovidae,Eudorcas,rufifrons,X,-999.00,26999.77,-999.00,885.00,-999.00,-999.00,-999.00,-999.00,-999.00,-999.00,174.73,1.00,-999.00,-999.00,-999.00,1.00,-999.00,162.00,-999.00,-999.00,1.56,-999.00,-999.00,-999.00,-999,1.00,-999,-999.00,-999.00,-999.00,NA,NA,,NA,2,,NA,NA,NA,NA,,,,,,,,,,,,,,,,,
129521,Eudorcas_thomsonii,Artiodactyla,Bovidae,Eudorcas,thomsonii,X,2.00,22907.43,-999.00,885.00,-999.00,552.51,-999.00,-999.00,2.00,-999.00,166.14,1.00,-999.00,-999.00,193.90,1.00,-999.00,182.04,2500.00,-999.00,12.53,-999.00,418.38,-999.00,-999,1.00,1,93.25,-999.00,-999.00,4,182.5002,,2,2,,NA,NA,3,1939,,,,,,,,,,,,,,,,,
308550,Gazella_bennettii,Artiodactyla,Bovidae,Gazella,bennettii,X,-999.00,18916.67,-999.00,-999.00,-999.00,-999.00,-999.00,-999.00,-999.00,-999.00,-999.00,-999.00,-999.00,-999.00,-999.00,-999.00,-999.00,-999.00,-999.00,-999.00,-999.00,-999.00,-999.00,-999.00,-999,-999.00,-999,-999.00,-999.00,-999.00,6,159.6876,,1,2,,24,12,4,NA,,,,,,,,,,,,,,,,,
311406,Gazella_cuvieri,Artiodactyla,Bovidae,Gazella,cuvieri,X,-999.00,-999.00,-999.00,-999.00,-999.00,-999.00,-999.00,-999.00,-999.00,-999.00,-999.00,-999.00,-999.00,-999.00,-999.00,-999.00,-999.00,-999.00,-999.00,-999.00,-999.00,-999.00,-999.00,-999.00,-999,-999.00,-999,-999.00,-999.00,-999.00,NA,NA,,NA,2,,NA,NA,NA,274,,,,,,,,,,,,,,,,,
129511,Gazella_dorcas,Artiodactyla,Bovidae,Gazella,dorcas,X,2.00,15635.95,-999.00,965.68,-999.00,836.45,-999.00,-999.00,6.00,-999.00,172.00,1.00,15.52,-999.00,337.85,1.22,-999.00,209.04,1573.21,499.99,2.30,-999.00,620.76,6.75,-999,1.00,2,61.35,4001.14,-999.00,6,182.5002,,2,1,,19.3643623404,24,3,338,,,,,,,,,,,,,,,,,
129512,Gazella_gazella,Artiodactyla,Bovidae,Gazella,gazella,X,2.00,21306.83,-999.00,1012.85,0.00,547.50,-999.00,-999.00,3.00,182.50,180.00,1.00,1.46,1.37,228.12,1.22,-999.00,219.00,2124.99,-999.00,0.40,-999.00,485.11,7.20,-999,1.00,1,86.17,-999.00,-999.00,4,182.5002,,1,2,,27.00,27.00,4,297,,,,,,,,,,,,,,,,,
129514,Gazella_leptoceros,Artiodactyla,Bovidae,Gazella,leptoceros,X,-999.00,24645.75,-999.00,1032.67,-999.00,319.37,-999.00,-999.00,2.00,-999.00,167.29,1.00,-999.00,-999.00,-999.00,1.00,-999.00,168.00,4615.30,-999.00,-999.00,-999.00,-999.00,-999.00,-999,1.00,1,-999.00,-999.00,-999.00,NA,NA,,NA,2,,NA,NA,NA,NA,,,,,,,,,,,,,,,,,
129517,Gazella_saudiya,Artiodactyla,Bovidae,Gazella,saudiya,X,-999.00,16000.00,-999.00,-999.00,-999.00,-999.00,-999.00,-999.00,-999.00,-999.00,-999.00,-999.00,-999.00,-999.00,-999.00,-999.00,-999.00,-999.00,-999.00,-999.00,-999.00,-999.00,-999.00,-999.00,-999,-999.00,-999,-999.00,-999.00,-999.00,NA,NA,,NA,2,,NA,NA,NA,NA,,,,,,,,,,,,,,,,,
129519,Gazella_spekei,Artiodactyla,Bovidae,Gazella,spekei,X,-999.00,20000.00,-999.00,885.00,-999.00,-999.00,-999.00,-999.00,-999.00,-999.00,178.59,1.00,-999.00,-999.00,206.50,1.00,-999.00,152.04,1250.00,-999.00,-999.00,-999.00,403.21,14.25,-999,1.00,-999,-999.00,-999.00,-999.00,NA,NA,,NA,2,,NA,NA,NA,205,,,,,,,,,,,,,,,,,
129520,Gazella_subgutturosa,Artiodactyla,Bovidae,Gazella,subgutturosa,X,2.00,26981.37,-999.00,957.35,-999.00,-999.00,-999.00,-999.00,3.00,-999.00,159.68,1.00,-999.00,-999.00,-999.00,1.39,-999.00,240.00,2317.85,-999.00,0.64,-999.00,413.84,5.50,4,1.00,1,116.41,-999.00,-999.00,4,167.2918,,1,2,,10.5,5,3,NA,,,,,,,,,,,,,,,,,
308378,Giraffa_camelopardalis,Artiodactyla,Giraffidae,Giraffa,camelopardalis,X,2.00,964654.73,-999.00,4177.03,-999.00,1825.00,-999.00,-999.00,5.00,-999.00,455.25,1.00,81.52,99.56,608.33,1.29,1.00,435.60,55244.90,-999.00,1.23,-999.00,1633.59,100.00,4,1.00,1,212.91,-999.00,-999.00,4,434,,2,1,,54.0,42.0,3,620,,,,,,,,,,,,,,,,,
1038794,Hemitragus_hylocrius,Artiodactyla,Bovidae,Hemitragus,hylocrius,X,2.00,74186.41,-999.00,1385.00,-999.00,669.16,-999.00,-999.00,2.00,-999.00,186.35,1.00,-999.00,-999.00,237.25,1.41,-999.00,207.00,-999.00,-999.00,-999.00,-999.00,-999.00,-999.00,3,1.00,1,27.28,-999.00,-999.00,4,213.9814,,2,1,,NA,21.9944964444,3,246,,,,,,,,,,,,,,,,,
1038795,Hemitragus_jayakari,Artiodactyla,Bovidae,Hemitragus,jayakari,X,2.00,22210.18,-999.00,1075.00,-999.00,-999.00,-999.00,-999.00,3.00,-999.00,164.31,1.00,-999.00,-999.00,-999.00,1.00,-999.00,168.00,-999.00,-999.00,-999.00,-999.00,-999.00,-999.00,3,1.00,1,-999.00,-999.00,-999.00,4,142.5,,1,2,,30.0,30.0,1,NA,,,,,,,,,,,,,,,,,
1038796,Hemitragus_jemlahicus,Artiodactyla,Bovidae,Hemitragus,jemlahicus,X,-999.00,68616.43,-999.00,-999.00,-999.00,730.00,-999.00,-999.00,2.00,-999.00,195.76,-999.00,-999.00,-999.00,365.00,1.01,-999.00,261.60,2700.00,-999.00,-999.00,35.00,1532.89,-999.00,3,-999.00,1,-999.00,-999.00,-999.00,4,182.5002,,2,2,,48,48,3,365,,,,,,,,,,,,,,,,,
317313,Hexaprotodon_liberiensis,Artiodactyla,Hippopotamidae,Hexaprotodon,liberiensis,X,2.00,235001.16,-999.00,1600.00,-999.00,-999.00,-999.00,-999.00,4.00,-999.00,200.00,2.00,0.72,-999.00,-999.00,1.00,1.00,525.60,5730.00,-999.00,-999.00,-999.00,1510.30,1.25,-999,1.00,1,211.71,-999.00,-999.00,4,197,,1,2,,48,48,1,NA,,,,,,,,,,,,,,,,,
129566,Hippocamelus_antisensis,Artiodactyla,Cervidae,Hippocamelus,antisensis,X,-999.00,68599.35,-999.00,1550.00,-999.00,-999.00,-999.00,-999.00,2.00,-999.00,235.72,1.00,-999.00,-999.00,-999.00,1.00,-999.00,127.20,-999.00,-999.00,1.20,-999.00,-999.00,7.30,-999,1.00,1,-999.00,-999.00,-999.00,NA,255 ,,2,2,,NA,NA,NA,NA,,,,,,,,,,,,,,,,,
310354,Hippocamelus_bisulcus,Artiodactyla,Cervidae,Hippocamelus,bisulcus,X,2.00,69240.81,-999.00,1550.00,-999.00,-999.00,-999.00,-999.00,2.00,-999.00,212.91,1.00,0.86,-999.00,-999.00,1.00,1.00,-999.00,3575.62,989.99,1.12,-999.00,-999.00,1.90,-999,1.00,1,-999.00,-999.00,-999.00,NA,NA,,NA,2,,NA,NA,NA,NA,,,,,,,,,,,,,,,,,
47360174,Hippopotamus_amphibius,Artiodactyla,Hippopotamidae,Hippopotamus,amphibius,X,2.00,1536310.40,-999.00,-999.00,-999.00,1460.00,-999.00,-999.00,2.00,-999.00,235.37,2.00,-999.00,-999.00,696.54,1.00,1.00,654.00,40199.99,-999.00,4.86,585.00,2030.00,-999.00,-999,1.00,2,319.01,206389.44,-999.00,4,324 ,,2,1,,42.0492689871,42.0492689871,3,NA,,,,,,,,,,,,,,,,,
331075,Hippotragus_equinus,Artiodactyla,Bovidae,Hippotragus,equinus,X,3.00,264173.96,-999.00,1150.00,-999.00,1049.37,-999.00,-999.00,5.00,-999.00,278.23,1.00,-999.00,-999.00,317.00,0.98,-999.00,240.00,16412.18,-999.00,0.96,-999.00,841.82,12.00,4,1.00,1,119.27,-999.00,-999.00,4,274.3586,,2,1,,48,48,3,331,,,,,,,,,,,,,,,,,
331077,Hippotragus_niger,Artiodactyla,Bovidae,Hippotragus,niger,X,3.00,236405.90,-999.00,2035.00,-999.00,983.37,-999.00,-999.00,5.00,-999.00,272.87,1.00,-999.00,-999.00,365.00,1.00,-999.00,267.00,16412.18,-999.00,1.30,-999.00,972.17,15.00,4,1.00,1,210.73,-999.00,-999.00,4,269.1877,,2,1,,45.00,45.00,3,365,,,,,,,,,,,,,,,,,
308404,Hydropotes_inermis,Artiodactyla,Cervidae,Hydropotes,inermis,X,-999.00,12760.04,-999.00,-999.00,-999.00,-999.00,-999.00,-999.00,-999.00,-999.00,175.49,-999.00,-999.00,-999.00,-999.00,3.00,-999.00,144.00,1016.19,-999.00,-999.00,-999.00,292.63,-999.00,-999,-999.00,-999,-999.00,-999.00,-999.00,NA,182.5002,,NA,2,,NA,6.01643176281,NA,NA,,,,,,,,,,,,,,,,,
328337,Hyemoschus_aquaticus,Artiodactyla,Tragulidae,Hyemoschus,aquaticus,X,1.00,10850.00,-999.00,750.00,-999.00,-999.00,-999.00,-999.00,1.00,-999.00,173.52,1.00,0.20,0.19,-999.00,1.22,1.00,168.00,-999.00,-999.00,15.85,-999.00,314.64,1.00,-999,1.00,1,136.87,-999.00,-999.00,NA,175 ,,NA,2,,13.2493005487,13.2493005487,NA,NA,,,,,,,,,,,,,,,,,
328333,Hylochoerus_meinertzhageni,Artiodactyla,Suidae,Hylochoerus,meinertzhageni,X,2.00,198130.47,-999.00,2028.75,-999.00,532.29,-999.00,-999.00,2.00,-999.00,151.00,1.00,-999.00,-999.00,365.00,4.00,-999.00,216.00,-999.00,-999.00,1.50,-999.00,521.59,10.00,6,1.00,1,62.82,-999.00,-999.00,NA,132 ,,NA,2,,16.9972416469,11.9999868493,NA,365,,,,,,,,,,,,,,,,,
328724,Kobus_ellipsiprymnus,Artiodactyla,Bovidae,Kobus,ellipsiprymnus,X,2.00,204393.48,-999.00,-999.00,-999.00,-999.00,26700.00,100000.00,2.00,-999.00,270.00,1.00,1.28,-999.00,365.00,1.00,-999.00,239.04,12000.00,-999.00,2.46,-999.00,1426.44,12.00,4,1.00,1,212.91,-999.00,-999.00,NA,283.4836,,2,1,,NA,25.3479174269,NA,365,,,,,,,,,,,,,,,,,
328731,Kobus_kob,Artiodactyla,Bovidae,Kobus,kob,X,-999.00,80035.21,-999.00,1700.00,-999.00,395.41,-999.00,-999.00,1.00,-999.00,254.76,1.00,99.57,-999.00,-999.00,1.00,-999.00,263.04,5376.23,-999.00,2.60,185.00,465.57,40.00,4,1.00,1,188.64,-999.00,-999.00,NA,255.0440,,2,1,,11.9999868493,13.2493005487,NA,NA,,,,,,,,,,,,,,,,,
328712,Kobus_leche,Artiodactyla,Bovidae,Kobus,leche,X,2.00,88645.04,-999.00,-999.00,-999.00,638.75,-999.00,-999.00,2.00,-999.00,229.80,2.00,-999.00,-999.00,-999.00,1.00,-999.00,222.96,5100.00,-999.00,31.00,-999.00,925.38,20.00,4,1.00,1,133.45,-999.00,-999.00,NA,234.8169,,2,1,,34.5205101145,29.523255317,NA,NA,,,,,,,,,,,,,,,,,
328725,Kobus_megaceros,Artiodactyla,Bovidae,Kobus,megaceros,X,-999.00,85805.93,-999.00,-999.00,-999.00,-999.00,-999.00,-999.00,-999.00,-999.00,-999.00,-999.00,-999.00,-999.00,-999.00,-999.00,-999.00,224.04,-999.00,-999.00,0.34,50.00,-999.00,-999.00,4,-999.00,-999,-999.00,-999.00,-999.00,4,238.7710,,2,1,,24,24,3,353,,,,,,,,,,,,,,,,,
328726,Kobus_vardonii,Artiodactyla,Bovidae,Kobus,vardonii,X,2.00,71462.72,-999.00,1340.00,-999.00,-999.00,-999.00,-999.00,2.00,-999.00,258.09,1.00,-999.00,-999.00,365.00,1.00,-999.00,-999.00,5798.07,-999.00,4.78,-999.00,-999.00,5.50,4,1.00,1,212.91,-999.00,-999.00,4,243.3336,,1,2,,13,13,3,365,,,,,,,,,,,,,,,,,
129522,Litocranius_walleri,Artiodactyla,Bovidae,Litocranius,walleri,X,-999.00,38804.37,-999.00,1500.00,-999.00,562.70,-999.00,-999.00,1.00,-999.00,204.15,1.00,-999.00,-999.00,240.77,1.00,-999.00,156.00,-999.00,-999.00,0.43,-999.00,841.82,8.00,-999,1.00,1,-999.00,-999.00,-999.00,4,209.4189,,1,2,,18.0,18.0,3,241,,,,,,,,,,,,,,,,,
311497,Madoqua_guentheri,Artiodactyla,Bovidae,Madoqua,guentheri,X,3.00,4623.70,-999.00,612.07,-999.00,-999.00,-999.00,-999.00,6.00,327.33,175.00,1.00,0.03,0.05,-999.00,0.98,-999.00,168.00,684.00,-999.00,14.01,-999.00,138.60,6.25,4,1.00,1,74.25,-999.00,-999.00,NA,177.4814,,2,2,,NA,NA,NA,NA,,,,,,,,,,,,,,,,,
311498,Madoqua_kirkii,Artiodactyla,Bovidae,Madoqua,kirkii,X,2.00,4833.40,-999.00,654.27,-999.00,501.87,2145.00,4290.00,5.00,338.82,171.49,1.00,-999.00,-999.00,182.50,0.98,-999.00,198.00,625.82,-999.00,19.00,-999.00,233.47,2.50,4,1.00,1,42.58,1633.49,-999.00,NA,173.8314,,2,2,,9.99450959506,7.0027320518,1,244,,,,,,,,,,,,,,,,,
311495,Madoqua_piacentinii,Artiodactyla,Bovidae,Madoqua,piacentinii,X,3.00,2500.00,-999.00,-999.00,-999.00,-999.00,-999.00,-999.00,2.00,327.33,-999.00,-999.00,-999.00,-999.00,-999.00,1.00,-999.00,168.00,-999.00,-999.00,-999.00,-999.00,251.71,-999.00,-999,-999.00,1,-999.00,-999.00,-999.00,NA,NA,,NA,2,,NA,NA,NA,NA,,,,,,,,,,,,,,,,,
311494,Madoqua_saltiana,Artiodactyla,Bovidae,Madoqua,saltiana,X,2.00,3424.47,-999.00,595.00,-999.00,-999.00,-999.00,-999.00,2.00,327.33,-999.00,-999.00,-999.00,-999.00,-999.00,1.00,-999.00,168.00,672.79,-999.00,-999.00,-999.00,253.75,1.50,4,-999.00,1,41.99,-999.00,-999.00,NA,NA,,2,2,,NA,NA,NA,NA,,,,,,,,,,,,,,,,,
129605,Mazama_americana,Artiodactyla,Cervidae,Mazama,americana,X,2.00,20546.86,-999.00,-999.00,-999.00,-999.00,-999.00,-999.00,2.00,-999.00,225.00,1.00,-999.00,-999.00,-999.00,1.22,-999.00,165.60,-999.00,-999.00,9.30,-999.00,-999.00,1.00,-999,1.00,1,-999.00,-999.00,-999.00,6,225,,1,2,,12,12,NA,NA,,,,,,,,,,,,,,,,,
129581,Mazama_bricenii,Artiodactyla,Cervidae,Mazama,bricenii,X,-999.00,16499.85,-999.00,-999.00,-999.00,-999.00,-999.00,-999.00,-999.00,-999.00,-999.00,1.00,-999.00,-999.00,-999.00,-999.00,-999.00,-999.00,-999.00,-999.00,-999.00,-999.00,-999.00,-999.00,-999,1.00,-999,-999.00,-999.00,-999.00,NA,NA,,NA,2,,NA,NA,NA,NA,,,,,,,,,,,,,,,,,
129582,Mazama_chunyi,Artiodactyla,Cervidae,Mazama,chunyi,X,-999.00,16071.74,-999.00,-999.00,-999.00,-999.00,-999.00,-999.00,-999.00,-999.00,243.33,1.00,-999.00,-999.00,-999.00,1.50,-999.00,-999.00,-999.00,-999.00,-999.00,-999.00,-999.00,-999.00,-999,1.00,-999,-999.00,-999.00,-999.00,NA,NA,,NA,2,,NA,NA,NA,NA,,,,,,,,,,,,,,,,,
129579,Mazama_gouazoubira,Artiodactyla,Cervidae,Mazama,gouazoubira,X,2.00,16633.17,-999.00,918.25,-999.00,-999.00,-999.00,-999.00,2.00,-999.00,219.86,1.00,-999.00,-999.00,-999.00,1.00,-999.00,144.00,834.46,-999.00,9.21,-999.00,719.06,1.00,-999,1.00,1,-999.00,-999.00,-999.00,1,243.3336,,1,2,,12,13,1,NA,,,,,,,,,,,,,,,,,
129580,Mazama_nana,Artiodactyla,Cervidae,Mazama,nana,X,-999.00,16499.85,-999.00,-999.00,-999.00,-999.00,-999.00,-999.00,-999.00,-999.00,-999.00,1.00,-999.00,-999.00,-999.00,-999.00,-999.00,-999.00,-999.00,-999.00,-999.00,-999.00,-999.00,-999.00,-999,1.00,-999,-999.00,-999.00,-999.00,NA,NA,,NA,2,,NA,NA,NA,NA,,,,,,,,,,,,,,,,,
129577,Mazama_rufina,Artiodactyla,Cervidae,Mazama,rufina,X,-999.00,21099.25,-999.00,-999.00,-999.00,-999.00,-999.00,-999.00,-999.00,-999.00,231.64,1.00,-999.00,-999.00,-999.00,1.22,-999.00,-999.00,-999.00,-999.00,-999.00,-999.00,-999.00,-999.00,-999,1.00,-999,-999.00,-999.00,-999.00,NA,NA,,NA,2,,NA,NA,NA,NA,,,,,,,,,,,,,,,,,
328338,Moschiola_meminna,Artiodactyla,Tragulidae,Moschiola,meminna,X,1.00,3130.95,-999.00,540.00,-999.00,-999.00,-999.00,-999.00,-999.00,-999.00,153.53,-999.00,-999.00,-999.00,-999.00,1.50,-999.00,-999.00,319.00,-999.00,2.74,-999.00,-999.00,-999.00,-999,-999.00,-999,-999.00,-999.00,-999.00,6,155 ,,1,2,,NA,NA,2,NA,,,,,,,,,,,,,,,,,
328123,Moschus_berezovskii,Artiodactyla,Moschidae,Moschus,berezovskii,X,2.00,12477.41,-999.00,899.99,-999.00,-999.00,-999.00,-999.00,2.00,-999.00,184.24,-999.00,0.13,-999.00,-999.00,1.20,1.00,-999.00,529.50,-999.00,-999.00,-999.00,-999.00,-999.00,-999,-999.00,1,47.14,-999.00,-999.00,NA,NA,,NA,2,,NA,NA,NA,NA,,,,,,,,,,,,,,,,,
328122,Moschus_chrysogaster,Artiodactyla,Moschidae,Moschus,chrysogaster,X,2.00,13697.90,-999.00,899.99,-999.00,730.00,-999.00,-999.00,2.00,-999.00,188.00,-999.00,0.13,-999.00,-999.00,1.20,1.00,-999.00,659.54,-999.00,-999.00,-999.00,587.94,1.00,-999,-999.00,1,47.14,-999.00,-999.00,4,NA,,1,2,,NA,21.0081961554,NA,NA,,,,,,,,,,,,,,,,,
311508,Moschus_fuscus,Artiodactyla,Moschidae,Moschus,fuscus,X,2.00,13697.90,-999.00,899.99,-999.00,-999.00,-999.00,-999.00,2.00,-999.00,-999.00,-999.00,0.13,-999.00,-999.00,-999.00,1.00,-999.00,-999.00,-999.00,-999.00,-999.00,-999.00,-999.00,-999,-999.00,1,47.14,-999.00,-999.00,4,190,,1,2,,NA,NA,3,NA,,,,,,,,,,,,,,,,,
328320,Moschus_moschiferus,Artiodactyla,Moschidae,Moschus,moschiferus,X,2.00,13315.57,-999.00,899.99,-999.00,-999.00,-999.00,-999.00,3.00,-999.00,175.92,-999.00,0.13,0.45,-999.00,1.74,1.00,-999.00,498.39,-999.00,-999.00,1.00,486.66,1.00,-999,-999.00,1,47.14,-999.00,-999.00,NA,162 ,,NA,2,,NA,15.5506678897,NA,NA,,,,,,,,,,,,,,,,,
308400,Muntiacus_atherodes,Artiodactyla,Cervidae,Muntiacus,atherodes,X,2.00,18939.10,-999.00,994.99,-999.00,-999.00,-999.00,-999.00,2.00,-999.00,-999.00,-999.00,-999.00,-999.00,-999.00,-999.00,-999.00,-999.00,-999.00,-999.00,-999.00,-999.00,-999.00,-999.00,-999,-999.00,1,-999.00,-999.00,-999.00,6,215.5023,,1,2,,9,9,NA,NA,,,,,,,,,,,,,,,,,
308401,Muntiacus_crinifrons,Artiodactyla,Cervidae,Muntiacus,crinifrons,X,-999.00,18590.01,-999.00,-999.00,-999.00,-999.00,-999.00,-999.00,4.00,-999.00,195.57,-999.00,-999.00,-999.00,-999.00,1.00,-999.00,-999.00,-999.00,-999.00,-999.00,-999.00,-999.00,-999.00,-999,-999.00,2,-999.00,-999.00,-999.00,6,NA,,1,2,,NA,12,3,NA,,,,,,,,,,,,,,,,,
308384,Muntiacus_feae,Artiodactyla,Cervidae,Muntiacus,feae,X,-999.00,21999.99,-999.00,-999.00,-999.00,-999.00,-999.00,-999.00,4.00,-999.00,195.57,-999.00,-999.00,-999.00,-999.00,1.22,-999.00,-999.00,-999.00,-999.00,-999.00,-999.00,-999.00,-999.00,-999,-999.00,2,-999.00,-999.00,-999.00,6,246.3752,,1,2,,NA,12,3,NA,,,,,,,,,,,,,,,,,
308393,Muntiacus_gongshanensis,Artiodactyla,Cervidae,Muntiacus,gongshanensis,X,-999.00,18590.01,-999.00,-999.00,-999.00,-999.00,-999.00,-999.00,4.00,-999.00,-999.00,-999.00,-999.00,-999.00,-999.00,-999.00,-999.00,-999.00,-999.00,-999.00,-999.00,-999.00,-999.00,-999.00,-999,-999.00,2,-999.00,-999.00,-999.00,6,.1520,,1,2,,9,6,3,NA,,,,,,,,,,,,,,,,,
308397,Muntiacus_muntjak,Artiodactyla,Cervidae,Muntiacus,muntjak,X,2.00,17611.59,-999.00,994.99,-999.00,-999.00,-999.00,-999.00,3.00,-999.00,210.00,-999.00,-999.00,-999.00,241.00,1.00,-999.00,211.20,1371.39,-999.00,3.12,-999.00,338.33,-999.00,-999,-999.00,1,-999.00,-999.00,-999.00,NA,210 ,,1,2,,10.9150565314,8.94245595347,NA,241,,,,,,,,,,,,,,,,,
308477,Muntiacus_reevesi,Artiodactyla,Cervidae,Muntiacus,reevesi,X,-999.00,13499.94,-999.00,-999.00,-999.00,-999.00,-999.00,-999.00,2.00,-999.00,214.24,-999.00,0.12,0.11,215.25,0.98,-999.00,-999.00,1050.00,-999.00,0.67,-999.00,295.12,-999.00,-999,-999.00,1,-999.00,-999.00,-999.00,NA,217.4794,,1,2,,NA,,3,215,,,,,,,,,,,,,,,,,
2924686,Muntiacus_vuquangensis,Artiodactyla,Cervidae,Muntiacus,vuquangensis,X,-999.00,36690.82,-999.00,-999.00,-999.00,-999.00,-999.00,-999.00,-999.00,-999.00,-999.00,-999.00,-999.00,-999.00,-999.00,-999.00,-999.00,-999.00,-999.00,-999.00,-999.00,-999.00,-999.00,-999.00,-999,-999.00,-999,-999.00,-999.00,-999.00,4,NA,,1,2,,NA,NA,3,NA,,,,,,,,,,,,,,,,,
1038797,Naemorhedus_baileyi,Artiodactyla,Bovidae,Naemorhedus,baileyi,X,-999.00,28863.45,-999.00,1040.00,-999.00,-999.00,-999.00,-999.00,-999.00,-999.00,212.91,-999.00,-999.00,-999.00,-999.00,1.50,-999.00,219.00,-999.00,-999.00,-999.00,12.00,-999.00,-999.00,-999,-999.00,-999,-999.00,-999.00,-999.00,NA,NA,,NA,2,,NA,NA,NA,NA,,,,,,,,,,,,,,,,,
1038798,Naemorhedus_caudatus,Artiodactyla,Bovidae,Naemorhedus,caudatus,X,-999.00,26999.99,-999.00,-999.00,-999.00,-999.00,-999.00,-999.00,-999.00,-999.00,-999.00,-999.00,-999.00,-999.00,-999.00,-999.00,-999.00,108.96,-999.00,-999.00,-999.00,-999.00,-999.00,-999.00,-999,-999.00,-999,-999.00,-999.00,-999.00,4,180 ,,1,2,,30.0,30.0,3,NA,,,,,,,,,,,,,,,,,
1038799,Naemorhedus_goral,Artiodactyla,Bovidae,Naemorhedus,goral,X,2.00,28796.51,-999.00,1060.00,-999.00,-999.00,-999.00,-999.00,2.00,-999.00,212.91,1.00,-999.00,-999.00,365.00,1.00,-999.00,211.20,2000.00,-999.00,-999.00,12.00,1016.66,-999.00,4,1.00,1,59.27,-999.00,-999.00,4,182.5002,,1,1,,30.0,30.0,3,365,,,,,,,,,,,,,,,,,
129508,Nanger_dama,Artiodactyla,Bovidae,Nanger,dama,X,3.00,71424.81,-999.00,1462.78,-999.00,-999.00,-999.00,-999.00,1.00,-999.00,194.93,1.00,-999.00,-999.00,182.50,1.00,-999.00,207.96,-999.00,-999.00,0.18,12.50,109.36,1.00,-999,1.00,1,-999.00,-999.00,-999.00,4,174.8960,,2,1,,12,21.00,3,1825,,,,,,,,,,,,,,,,,
129513,Nanger_granti,Artiodactyla,Bovidae,Nanger,granti,X,2.00,55464.46,-999.00,1529.99,-999.00,-999.00,-999.00,-999.00,2.00,-999.00,191.21,1.00,-999.00,-999.00,-999.00,1.00,-999.00,152.04,5215.17,-999.00,3.92,40.00,249.81,-999.00,-999,1.00,1,-999.00,-999.00,-999.00,4,192.0814,,2,1,,36,18.0,3,NA,,,,,,,,,,,,,,,,,
129518,Nanger_soemmerringii,Artiodactyla,Bovidae,Nanger,soemmerringii,X,3.00,41582.93,-999.00,1360.00,-999.00,802.23,-999.00,-999.00,-999.00,-999.00,192.53,1.00,-999.00,-999.00,-999.00,1.00,-999.00,186.00,-999.00,-999.00,5.47,-999.00,413.84,-999.00,-999,1.00,-999,-999.00,-999.00,-999.00,NA,NA,,NA,2,,NA,NA,NA,NA,,,,,,,,,,,,,,,,,
311492,Neotragus_batesi,Artiodactyla,Bovidae,Neotragus,batesi,X,2.00,2967.45,-999.00,540.00,-999.00,365.00,-999.00,-999.00,4.00,-999.00,181.24,1.00,-999.00,-999.00,-999.00,1.00,-999.00,168.00,499.99,-999.00,-999.00,-999.00,366.52,-999.00,4,1.00,1,-999.00,-999.00,-999.00,NA,182.5002,,1,2,,NA,NA,NA,NA,,,,,,,,,,,,,,,,,
311493,Neotragus_moschatus,Artiodactyla,Bovidae,Neotragus,moschatus,X,2.00,5639.01,-999.00,599.99,-999.00,-999.00,-999.00,-999.00,5.00,-999.00,180.00,1.00,-999.00,-999.00,-999.00,1.00,-999.00,168.00,-999.00,-999.00,17.32,-999.00,197.64,1.50,4,1.00,1,-999.00,-999.00,-999.00,6,182.5002,,1,2,,12,12,3,NA,,,,,,,,,,,,,,,,,
311538,Neotragus_pygmaeus,Artiodactyla,Bovidae,Neotragus,pygmaeus,X,2.00,3913.68,-999.00,499.99,-999.00,-999.00,-999.00,-999.00,4.00,-999.00,180.00,-999.00,-999.00,-999.00,-999.00,1.00,-999.00,168.00,-999.00,-999.00,-999.00,-999.00,-999.00,2.00,4,-999.00,1,-999.00,-999.00,-999.00,NA,NA,,NA,2,,NA,NA,NA,NA,,,,,,,,,,,,,,,,,
328651,Odocoileus_hemionus,Artiodactyla,Cervidae,Odocoileus,hemionus,X,-999.00,84560.57,-999.00,1516.50,-999.00,547.50,-999.00,-999.00,2.00,-999.00,203.49,1.00,2.01,2.85,365.00,1.61,-999.00,264.00,3007.49,-999.00,16.00,-999.00,527.12,-999.00,-999,1.00,1,73.49,23900.00,-999.00,NA,207 ,,2,2,,16.5369681787,15.7150512712,NA,365,,,,,,,,,,,,,,,,,
328652,Odocoileus_virginianus,Artiodactyla,Cervidae,Odocoileus,virginianus,X,2.00,75901.25,-999.00,1513.69,-999.00,463.00,-999.00,-999.00,4.00,-999.00,201.39,1.00,1.99,2.29,304.16,1.57,-999.00,276.00,2949.99,-999.00,17.32,-999.00,365.00,2.25,4,1.00,1,79.92,29985.81,-999.00,NA,197.7085,,2,1,,24.0,24.0,3,304,,,,,,,,,,,,,,,,,
308387,Okapia_johnstoni,Artiodactyla,Giraffidae,Okapia,johnstoni,X,3.00,230001.14,-999.00,2000.00,-999.00,-999.00,-999.00,-999.00,1.00,-999.00,442.99,1.00,4.63,6.00,-999.00,0.98,1.00,396.00,18325.61,-999.00,1.02,-999.00,947.05,1.00,4,1.00,1,181.46,-999.00,-999.00,NA,458 ,,NA,2,,25.9725742766,19.0027189011,NA,NA,,,,,,,,,,,,,,,,,
328659,Oreamnos_americanus,Artiodactyla,Bovidae,Oreamnos,americanus,X,2.00,72105.40,-999.00,1297.33,-999.00,1095.00,8320.00,32000.00,2.00,-999.00,181.24,1.00,18.17,17.04,365.00,1.40,-999.00,230.04,3080.81,-999.00,-999.00,-999.00,964.59,3.00,4,1.00,1,84.86,-999.00,-999.00,6,147  ,,2,1,,30.0,30.0,3,365,,,,,,,,,,,,,,,,,
331065,Oreotragus_oreotragus,Artiodactyla,Bovidae,Oreotragus,oreotragus,X,2.00,13486.55,-999.00,824.99,-999.00,-999.00,-999.00,-999.00,4.00,-999.00,214.00,1.00,-999.00,-999.00,365.00,0.98,-999.00,213.96,1130.00,-999.00,2.62,-999.00,371.23,2.00,4,1.00,1,136.87,-999.00,-999.00,6,182.5002,,2,2,,7,7,1,365,,,,,,,,,,,,,,,,,
4447253,Oryx_beisa,Artiodactyla,Bovidae,Oryx,beisa,X,-999.00,200576.52,-999.00,-999.00,-999.00,-999.00,-999.00,-999.00,-999.00,-999.00,-999.00,-999.00,-999.00,-999.00,-999.00,-999.00,-999.00,240.00,-999.00,-999.00,1.38,40.00,-999.00,-999.00,4,-999.00,-999,-999.00,-999.00,-999.00,NA,NA,,NA,2,,NA,NA,NA,NA,,,,,,,,,,,,,,,,,
331078,Oryx_dammah,Artiodactyla,Bovidae,Oryx,dammah,X,-999.00,199798.95,-999.00,1910.00,-999.00,1001.31,-999.00,-999.00,5.00,-999.00,248.00,1.00,-999.00,-999.00,-999.00,1.00,-999.00,245.04,9706.02,-999.00,-999.00,30.00,-999.00,30.00,4,1.00,1,-999.00,-999.00,-999.00,NA,252.4586,,2,1,,NA,21.0081961554,NA,NA,,,,,,,,,,,,,,,,,
331079,Oryx_gazella,Artiodactyla,Bovidae,Oryx,gazella,X,2.00,188404.45,-999.00,1615.00,-999.00,866.87,-999.00,-999.00,5.00,-999.00,273.75,1.00,-999.00,-999.00,-999.00,1.00,-999.00,240.00,12055.49,-999.00,9.88,-999.00,841.82,20.00,4,1.00,1,-999.00,-999.00,-999.00,4,258.5419,,1,1,,21.00,21.00,3,NA,,,,,,,,,,,,,,,,,
331080,Oryx_leucoryx,Artiodactyla,Bovidae,Oryx,leucoryx,X,-999.00,75788.24,-999.00,-999.00,-999.00,-999.00,-999.00,-999.00,5.00,-999.00,239.99,1.00,-999.00,-999.00,-999.00,1.00,-999.00,240.00,-999.00,-999.00,-999.00,19.50,-999.00,5.00,-999,1.00,1,58.46,-999.00,-999.00,NA,243.3336,,1,1,,NA,26.1040809818,NA,NA,,,,,,,,,,,,,,,,,
344589,Ourebia_ourebi,Artiodactyla,Bovidae,Ourebia,ourebi,X,3.00,17186.09,-999.00,1160.00,-999.00,674.33,-999.00,-999.00,3.00,-999.00,210.50,1.00,-999.00,-999.00,182.50,0.98,-999.00,189.96,2196.14,-999.00,2.43,-999.00,372.09,2.00,4,1.00,1,136.87,-999.00,-999.00,NA,197.7085,,2,2,,14,10,NA,185,,,,,,,,,,,,,,,,,
328656,Ovibos_moschatus,Artiodactyla,Bovidae,Ovibos,moschatus,X,-999.00,312500.00,-999.00,-999.00,-999.00,1277.50,-999.00,-999.00,2.00,-999.00,256.26,1.00,-999.00,-999.00,547.50,1.01,-999.00,288.00,10444.11,-999.00,0.31,-999.00,1262.74,12.50,4,1.00,1,254.48,62467.44,-999.00,4,243.3336,,1,1,,36,33.00,3,608,,,,,,,,,,,,,,,,,
328677,Ovis_ammon,Artiodactyla,Bovidae,Ovis,ammon,X,-999.00,113998.72,-999.00,1585.00,-999.00,-999.00,-999.00,-999.00,2.00,-999.00,165.00,1.00,4.59,4.30,365.00,1.22,-999.00,180.96,3232.64,-999.00,0.02,-999.00,555.47,-999.00,-999,1.00,1,76.61,-999.00,-999.00,6,159.6876,,2,1,,60,18.0,4,365,,,,,,,,,,,,,,,,,
328679,Ovis_aries,Artiodactyla,Bovidae,Ovis,aries,X,-999.00,39097.89,-999.00,1297.23,-999.00,730.00,-999.00,-999.00,2.00,-999.00,152.54,-999.00,-999.00,-999.00,365.00,1.19,-999.00,230.04,2376.24,-999.00,-999.00,-999.00,831.62,35.00,-999,-999.00,1,182.50,17500.00,-999.00,NA,152.9960,,2,1,,30.0492821378,18.0164186121,NA,NA,,,,,,,,,,,,,,,,,
328658,Ovis_canadensis,Artiodactyla,Bovidae,Ovis,canadensis,X,2.00,74644.87,-999.00,1565.50,-999.00,301.50,22100.00,65000.00,2.00,-999.00,177.49,1.00,18.94,15.96,365.00,1.16,-999.00,288.00,4115.85,-999.00,1.48,5.50,761.25,-999.00,2,1.00,1,130.80,23431.71,-999.00,4,167.2918,,2,1,,84,6.0,3,365,,,,,,,,,,,,,,,,,
328657,Ovis_dalli,Artiodactyla,Bovidae,Ovis,dalli,X,-999.00,70194.13,-999.00,1415.02,-999.00,730.00,-999.00,-999.00,2.00,-999.00,172.49,1.00,10.15,14.38,365.00,1.22,-999.00,192.00,3499.99,-999.00,-999.00,-999.00,748.37,9.50,2,1.00,1,121.66,-999.00,-999.00,NA,173.3751,,2,1,,21.0081961554,22.4876465889,NA,365,,,,,,,,,,,,,,,,,
328678,Ovis_nivicola,Artiodactyla,Bovidae,Ovis,nivicola,X,-999.00,90000.00,-999.00,-999.00,-999.00,-999.00,-999.00,-999.00,-999.00,-999.00,-999.00,-999.00,-999.00,-999.00,-999.00,1.00,-999.00,-999.00,-999.00,-999.00,-999.00,-999.00,841.82,-999.00,-999,-999.00,-999,-999.00,-999.00,-999.00,NA,NA,,NA,2,,NA,NA,NA,NA,,,,,,,,,,,,,,,,,
129578,Ozotoceros_bezoarticus,Artiodactyla,Cervidae,Ozotoceros,bezoarticus,X,-999.00,34620.40,-999.00,1224.74,-999.00,-999.00,-999.00,-999.00,3.00,-999.00,220.38,1.00,6.16,5.78,317.08,1.00,-999.00,-999.00,2100.00,-999.00,-999.00,-999.00,350.76,3.50,-999,1.00,1,362.93,-999.00,-999.00,NA,213 ,,2,2,,NA,11.9999868493,NA,330,,,,,,,,,,,,,,,,,
344584,Pantholops_hodgsonii,Artiodactyla,Bovidae,Pantholops,hodgsonii,X,-999.00,32733.12,-999.00,-999.00,-999.00,-999.00,-999.00,-999.00,-999.00,-999.00,212.91,-999.00,-999.00,-999.00,365.00,1.00,-999.00,-999.00,-999.00,-999.00,-999.00,-999.00,-999.00,-999.00,-999,-999.00,-999,-999.00,-999.00,-999.00,4,228.1252,,2,2,,24,24,3,365,,,,,,,,,,,,,,,,,
1037712,Pecari_tajacu,Artiodactyla,Tayassuidae,Pecari,tajacu,X,2.00,21133.69,95.59,889.34,-999.00,350.00,-999.00,-999.00,5.00,-999.00,144.88,1.00,1.37,1.82,155.00,1.56,2.00,296.40,618.53,-999.00,7.92,11.65,315.68,20.00,8,1.00,1,47.25,4773.44,-999.00,NA,145 ,,2,2,,11.7698501152,10.8164265025,NA,155,,,,,,,,,,,,,,,,,
331081,Pelea_capreolus,Artiodactyla,Bovidae,Pelea,capreolus,X,3.00,22731.33,-999.00,-999.00,-999.00,-999.00,-999.00,-999.00,2.00,-999.00,260.99,1.00,-999.00,-999.00,-999.00,1.00,-999.00,147.96,-999.00,-999.00,18.71,-999.00,-999.00,10.25,4,1.00,1,-999.00,-999.00,-999.00,4,264.6252,,2,1,,19.5,19.5,3,NA,,,,,,,,,,,,,,,,,
328331,Phacochoerus_aethiopicus,Artiodactyla,Suidae,Phacochoerus,aethiopicus,X,3.00,75607.52,-999.00,-999.00,-999.00,730.00,-999.00,-999.00,4.00,-999.00,165.40,1.00,1.35,1.27,365.00,3.20,1.50,225.60,691.95,-999.00,7.61,-999.00,631.12,2.00,-999,1.00,1,106.45,-999.00,-999.00,4,167.5,,2,1,,15.00,15.00,4,365,,,,,,,,,,,,,,,,,
328332,Phacochoerus_africanus,Artiodactyla,Suidae,Phacochoerus,africanus,X,3.00,82499.99,-999.00,1355.54,-999.00,-999.00,-999.00,-999.00,1.00,-999.00,172.49,-999.00,1.55,-999.00,-999.00,-999.00,-999.00,180.00,-999.00,-999.00,-999.00,-999.00,-999.00,-999.00,4,-999.00,1,-999.00,-999.00,-999.00,NA,172.5,,2,2,,19,19,4,426,,,,,,,,,,,,,,,,,
328715328715,Philantomba_maxwelli,Artiodactyla,Bovidae,Philantomba,maxwellii,X,2.00,8557.69,-999.00,845.23,-999.00,1095.00,-999.00,-999.00,7.00,-999.00,205.00,1.00,-999.00,-999.00,-999.00,1.00,-999.00,147.00,827.49,-999.00,5.97,-999.00,344.87,1.95,4,1.00,2,60.48,-999.00,-999.00,NA,NA,,NA,2,,NA,NA,NA,NA,,,,,,,,,,,,,,,,,
328715,Philantomba_maxwellii,Artiodactyla,Bovidae,Philantomba,maxwellii,X,2.00,8557.69,-999.00,845.23,-999.00,1095.00,-999.00,-999.00,7.00,-999.00,205.00,1.00,-999.00,-999.00,-999.00,1.00,-999.00,147.00,827.49,-999.00,5.97,-999.00,344.87,1.95,4,1.00,2,60.48,-999.00,-999.00,6,121.6668,,1,2,,36,36,1,NA,,,,,,,,,,,,,,,,,
328716,Philantomba_monticola,Artiodactyla,Bovidae,Philantomba,monticola,X,3.00,4896.05,-999.00,692.30,-999.00,577.91,1806.00,4200.00,3.00,-999.00,205.00,1.00,-999.00,-999.00,265.00,0.98,-999.00,144.00,709.41,-999.00,35.98,-999.00,351.59,1.90,4,1.00,2,27.28,-999.00,-999.00,6,206,,2,2,,15,10.5,1,265,,,,,,,,,,,,,,,,,
328334,Potamochoerus_larvatus,Artiodactyla,Suidae,Potamochoerus,larvatus,X,1.00,69063.79,-999.00,-999.00,-999.00,-999.00,-999.00,-999.00,7.00,-999.00,121.73,1.00,4.47,-999.00,-999.00,2.73,-999.00,-999.00,-999.00,-999.00,0.40,7.20,-999.00,8.00,-999,1.00,2,-999.00,-999.00,-999.00,NA,123.5,,2,1,,19.5,19.5,3,NA,,,,,,,,,,,,,,,,,
328335,Potamochoerus_porcus,Artiodactyla,Suidae,Potamochoerus,porcus,X,2.00,70000.31,-999.00,1369.30,-999.00,-999.00,-999.00,-999.00,5.00,-999.00,120.00,1.00,-999.00,-999.00,365.00,3.00,-999.00,240.00,750.00,-999.00,0.23,28.50,1113.70,10.56,6,1.00,2,-999.00,-999.00,-999.00,NA,122 ,,NA,2,,36.0328372243,36.0328372243,NA,365,,,,,,,,,,,,,,,,,
344585,Procapra_gutturosa,Artiodactyla,Bovidae,Procapra,gutturosa,X,2.00,28274.27,-999.00,1243.28,-999.00,-999.00,-999.00,-999.00,1.00,-999.00,189.94,1.00,-999.00,-999.00,365.00,1.41,-999.00,84.00,2900.00,-999.00,-999.00,-999.00,893.06,-999.00,-999,1.00,1,38.97,-999.00,-999.00,4,212.9169,,2,2,,30.0,18.0,3,365,,,,,,,,,,,,,,,,,
1038777,Procapra_picticaudata,Artiodactyla,Bovidae,Procapra,picticaudata,X,-999.00,23197.67,-999.00,980.00,-999.00,-999.00,-999.00,-999.00,-999.00,-999.00,-999.00,-999.00,-999.00,-999.00,-999.00,1.00,-999.00,-999.00,-999.00,-999.00,-999.00,-999.00,-999.00,-999.00,-999,-999.00,-999,-999.00,-999.00,-999.00,NA,NA,,NA,2,,NA,NA,NA,NA,,,,,,,,,,,,,,,,,
1038778,Procapra_przewalskii,Artiodactyla,Bovidae,Procapra,przewalskii,X,-999.00,27499.99,-999.00,-999.00,-999.00,-999.00,-999.00,-999.00,-999.00,-999.00,-999.00,-999.00,-999.00,-999.00,-999.00,-999.00,-999.00,-999.00,-999.00,-999.00,-999.00,-999.00,-999.00,-999.00,-999,-999.00,-999,-999.00,-999.00,-999.00,4,174.8960,,2,2,,NA,18,3,NA,,,,,,,,,,,,,,,,,
49410484,Przewalskium_albirostris,Artiodactyla,Cervidae,Przewalskium,albirostris,X,-999.00,161681.90,-999.00,-999.00,-999.00,-999.00,-999.00,-999.00,-999.00,-999.00,263.41,-999.00,-999.00,-999.00,-999.00,1.00,-999.00,216.00,-999.00,-999.00,-999.00,-999.00,-999.00,-999.00,-999,-999.00,-999,-999.00,-999.00,-999.00,4,243.3336,,2,1,,15,15,3,NA,,,,,,,,,,,,,,,,,
1038776,Pseudois_nayaur,Artiodactyla,Bovidae,Pseudois,nayaur,X,3.00,52334.57,-999.00,1299.99,-999.00,730.00,-999.00,-999.00,2.00,-999.00,159.74,1.00,-999.00,-999.00,-999.00,1.22,-999.00,288.00,-999.00,-999.00,2.49,25.00,420.91,-999.00,2,1.00,1,-999.00,-999.00,-999.00,6,141.8939,,2,2,,84,84,NA,NA,,,,,,,,,,,,,,,,,
344583,Pseudois_schaeferi,Artiodactyla,Bovidae,Pseudois,schaeferi,X,-999.00,29249.99,-999.00,-999.00,-999.00,-999.00,-999.00,-999.00,-999.00,-999.00,-999.00,1.00,-999.00,-999.00,-999.00,-999.00,-999.00,-999.00,-999.00,-999.00,-999.00,6.50,-999.00,-999.00,-999,1.00,-999,-999.00,-999.00,-999.00,NA,NA,,NA,2,,NA,NA,NA,NA,,,,,,,,,,,,,,,,,
2925803,Pseudoryx_nghetinhensis,Artiodactyla,Bovidae,Pseudoryx,nghetinhensis,X,-999.00,97842.20,-999.00,1750.00,-999.00,-999.00,-999.00,-999.00,2.00,-999.00,-999.00,-999.00,-999.00,-999.00,-999.00,-999.00,-999.00,-999.00,-999.00,-999.00,-999.00,4.50,755.15,1.00,-999,-999.00,1,-999.00,-999.00,-999.00,4,243.3336,,1,2,,NA,NA,NA,NA,,,,,,,,,,,,,,,,,
129576,Pudu_mephistophiles,Artiodactyla,Cervidae,Pudu,mephistophiles,X,-999.00,9599.96,-999.00,-999.00,-999.00,-999.00,-999.00,-999.00,-999.00,-999.00,-999.00,-999.00,-999.00,-999.00,-999.00,1.00,-999.00,120.00,400.00,-999.00,-999.00,-999.00,-999.00,-999.00,-999,-999.00,-999,-999.00,-999.00,-999.00,NA,NA,,NA,2,,NA,NA,NA,NA,,,,,,,,,,,,,,,,,
129574,Pudu_puda,Artiodactyla,Cervidae,Pudu,puda,X,2.00,9642.62,-999.00,-999.00,-999.00,-999.00,-999.00,-999.00,4.00,-999.00,210.00,1.00,0.17,0.15,-999.00,1.22,-999.00,150.00,780.00,-999.00,-999.00,1.00,229.14,-999.00,-999,1.00,1,54.75,2863.20,-999.00,6,210,,1,1,,12,12,3,NA,,,,,,,,,,,,,,,,,
328653,Rangifer_tarandus,Artiodactyla,Cervidae,Rangifer,tarandus,X,-999.00,109088.50,-999.00,2224.35,-999.00,-999.00,-999.00,-999.00,3.00,-999.00,222.50,-999.00,2771.22,2599.89,365.00,2.00,-999.00,242.40,5490.62,-999.00,2.55,100000.00,758.71,-999.00,-999,-999.00,1,136.87,24907.05,-999.00,4,231.1669,,2,2,,22.3561398837,16,3,365,,,,,,,,,,,,,,,,,
1038779,Raphicerus_campestris,Artiodactyla,Bovidae,Raphicerus,campestris,X,3.00,11661.53,-999.00,824.99,-999.00,-999.00,3696.00,9600.00,5.00,-999.00,210.00,1.00,0.43,0.45,219.00,0.98,-999.00,168.00,916.51,-999.00,1.27,-999.00,233.81,2.00,4,1.00,1,49.89,-999.00,-999.00,NA,174.8960,,2,2,,7.98903234079,7.82464895929,NA,215,,,,,,,,,,,,,,,,,
1038780,Raphicerus_melanotis,Artiodactyla,Bovidae,Raphicerus,melanotis,X,1.00,10503.14,-999.00,-999.00,-999.00,-999.00,-999.00,-999.00,2.00,-999.00,-999.00,1.00,-999.00,-999.00,-999.00,-999.00,-999.00,168.00,-999.00,-999.00,10.50,-999.00,-999.00,1.50,4,1.00,1,-999.00,-999.00,-999.00,4,182.5002,,1,2,,NA,NA,NA,NA,,,,,,,,,,,,,,,,,
1038781,Raphicerus_sharpei,Artiodactyla,Bovidae,Raphicerus,sharpei,X,1.00,9396.90,-999.00,679.99,-999.00,-999.00,-999.00,-999.00,3.00,-999.00,212.91,1.00,-999.00,-999.00,-999.00,1.00,-999.00,168.00,-999.00,-999.00,0.51,-999.00,-999.00,1.50,4,1.00,1,-999.00,-999.00,-999.00,4,191.6252,,1,2,,12.5,12.5,NA,NA,,,,,,,,,,,,,,,,,
331082,Redunca_arundinum,Artiodactyla,Bovidae,Redunca,arundinum,X,2.00,58059.24,-999.00,1505.00,-999.00,-999.00,-999.00,-999.00,2.00,-999.00,220.52,1.00,-999.00,-999.00,273.75,0.98,-999.00,201.00,4500.00,-999.00,0.65,-999.00,-999.00,1.75,4,1.00,1,-999.00,-999.00,-999.00,4,228.1252,,2,1,,48,24,1,376,,,,,,,,,,,,,,,,,
331083,Redunca_fulvorufula,Artiodactyla,Bovidae,Redunca,fulvorufula,X,2.00,29352.66,-999.00,1230.00,-999.00,-999.00,-999.00,-999.00,1.00,-999.00,222.99,1.00,0.07,-999.00,352.83,-999.00,-999.00,147.96,2719.09,575.00,7.77,-999.00,326.81,4.75,4,1.00,1,82.12,8635.50,-999.00,4,246.9836,,2,2,,12,16.5,3,353,,,,,,,,,,,,,,,,,
331084,Redunca_redunca,Artiodactyla,Bovidae,Redunca,redunca,X,2.00,43288.95,-999.00,1150.00,-999.00,-999.00,-999.00,-999.00,1.00,-999.00,228.12,1.00,-999.00,-999.00,-999.00,1.00,-999.00,216.00,-999.00,-999.00,1.03,-999.00,-999.00,-999.00,4,1.00,1,-999.00,-999.00,-999.00,NA,228.1252,,NA,2,,16.5040915024,16.5040915024,NA,NA,,,,,,,,,,,,,,,,,
328342,Rhinoceros_sondaicus,Perissodactyla,Rhinocerotidae,Rhinoceros,sondaicus,X,-999.00,1750000.00,-999.00,3099.99,-999.00,-999.00,-999.00,-999.00,2.00,-999.00,486.66,1.00,-999.00,-999.00,-999.00,1.00,-999.00,480.00,-999.00,-999.00,0.10,1.00,-999.00,-999.00,-999,1.00,1,509.21,-999.00,-999.00,6,486.6672,,1,2,,120,72,4,NA,,,,,,,,,,,,,,,,,
129475,Rhinoceros_unicornis,Perissodactyla,Rhinocerotidae,Rhinoceros,unicornis,X,2.00,1843655.80,-999.00,3743.39,-999.00,2618.87,-999.00,-999.00,3.00,1300.53,478.99,2.00,4.23,5.99,909.45,1.41,-999.00,588.00,61326.59,1092.50,3.33,1.75,2069.22,1.00,-999,1.00,1,339.47,-999.00,2303.61,NA,479 ,,NA,2,,84.0656612979,55.1670628306,NA,850,,,,,,,,,,,,,,,,,
308523308523,Rucervus_duvauceli,Artiodactyla,Cervidae,Rucervus,duvaucelii,X,2.00,171223.86,-999.00,1500.00,-999.00,1095.00,-999.00,-999.00,2.00,-999.00,245.00,2.00,14.11,20.00,-999.00,1.00,-999.00,-999.00,-999.00,-999.00,11.24,401.00,827.69,64.25,-999,1.00,1,-999.00,-999.00,-999.00,NA,NA,,NA,2,,NA,NA,NA,NA,,,,,,,,,,,,,,,,,
308523,Rucervus_duvaucelii,Artiodactyla,Cervidae,Rucervus,duvaucelii,X,2.00,171223.86,-999.00,1500.00,-999.00,1095.00,-999.00,-999.00,2.00,-999.00,245.00,2.00,14.11,20.00,-999.00,1.00,-999.00,-999.00,-999.00,-999.00,11.24,401.00,827.69,64.25,-999,1.00,1,-999.00,-999.00,-999.00,4,248.3523,,2,1,,NA,30.0,3,NA,,,,,,,,,,,,,,,,,
308524308524,Rucervus_eldi,Artiodactyla,Cervidae,Rucervus,eldii,X,-999.00,95471.61,-999.00,1650.00,-999.00,958.12,-999.00,-999.00,3.00,-999.00,240.19,1.00,-999.00,-999.00,382.70,1.01,-999.00,232.80,4674.98,-999.00,-999.00,-999.00,531.64,-999.00,-999,1.00,1,220.26,-999.00,-999.00,NA,NA,,NA,2,,NA,NA,NA,NA,,,,,,,,,,,,,,,,,
308524,Rucervus_eldii,Artiodactyla,Cervidae,Rucervus,eldii,X,-999.00,95471.61,-999.00,1650.00,-999.00,958.12,-999.00,-999.00,3.00,-999.00,240.19,1.00,-999.00,-999.00,382.70,1.01,-999.00,232.80,4674.98,-999.00,-999.00,-999.00,531.64,-999.00,-999,1.00,1,220.26,-999.00,-999.00,4,241.2044,,1,1,,NA,24,3,3827,,,,,,,,,,,,,,,,,
344582,Rupicapra_pyrenaica,Artiodactyla,Bovidae,Rupicapra,pyrenaica,X,-999.00,29999.99,-999.00,-999.00,-999.00,-999.00,-999.00,-999.00,-999.00,-999.00,-999.00,-999.00,-999.00,-999.00,-999.00,-999.00,-999.00,-999.00,-999.00,-999.00,-999.00,-999.00,-999.00,-999.00,-999,-999.00,-999,-999.00,-999.00,-999.00,4,NA,,2,1,,102.0,102.0,NA,NA,,,,,,,,,,,,,,,,,
331073,Rupicapra_rupicapra,Artiodactyla,Bovidae,Rupicapra,rupicapra,X,-999.00,33266.35,-999.00,-999.00,-999.00,1368.75,-999.00,-999.00,2.00,-999.00,178.32,1.00,2.65,2.49,365.00,1.00,-999.00,264.00,2250.00,-999.00,-999.00,-999.00,642.64,1.00,4,1.00,1,76.04,-999.00,-999.00,4,174.8960,,1,1,,39.00,39.00,3,365,,,,,,,,,,,,,,,,,
308507,Rusa_alfredi,Artiodactyla,Cervidae,Rusa,alfredi,X,-999.00,46475.04,-999.00,-999.00,-999.00,-999.00,-999.00,-999.00,-999.00,-999.00,243.33,-999.00,-999.00,-999.00,-999.00,-999.00,-999.00,-999.00,-999.00,-999.00,-999.00,-999.00,-999.00,-999.00,-999,-999.00,-999,-999.00,-999.00,-999.00,4,243.3336,,2,1,,NA,NA,3,NA,,,,,,,,,,,,,,,,,
313990,Rusa_marianna,Artiodactyla,Cervidae,Rusa,marianna,X,-999.00,49457.61,-999.00,1255.00,-999.00,-999.00,-999.00,-999.00,-999.00,-999.00,-999.00,-999.00,-999.00,-999.00,-999.00,-999.00,-999.00,-999.00,-999.00,-999.00,-999.00,-999.00,-999.00,-999.00,-999,-999.00,-999,-999.00,-999.00,-999.00,NA,NA,,NA,2,,NA,NA,NA,NA,,,,,,,,,,,,,,,,,
999298,Rusa_timorensis,Artiodactyla,Cervidae,Rusa,timorensis,X,1.00,66375.50,-999.00,1634.99,-999.00,-999.00,-999.00,-999.00,2.00,-999.00,250.29,-999.00,-999.00,-999.00,366.00,1.00,-999.00,-999.00,-999.00,-999.00,-999.00,-999.00,666.44,-999.00,-999,-999.00,1,227.47,-999.00,-999.00,4,243.3336,,2,2,,21,21,3,366,,,,,,,,,,,,,,,,,
290025,Rusa_unicolor,Artiodactyla,Cervidae,Rusa,unicolor,X,2.00,177522.90,-999.00,2040.00,-999.00,788.40,-999.00,-999.00,3.00,-999.00,246.00,-999.00,-999.00,-999.00,-999.00,1.00,-999.00,317.04,10270.00,-999.00,4.89,-999.00,620.76,-999.00,-999,-999.00,1,-999.00,-999.00,-999.00,4,258.5419,,1,2,,24,24,3,NA,,,,,,,,,,,,,,,,,
1038782,Saiga_tatarica,Artiodactyla,Bovidae,Saiga,tatarica,X,3.00,37734.01,-999.00,1160.00,-999.00,-999.00,-999.00,-999.00,2.00,-999.00,148.49,2.00,-999.00,-999.00,365.00,1.50,-999.00,144.00,3326.46,-999.00,0.75,517.50,332.65,27.50,-999,2.00,1,83.64,-999.00,-999.00,NA,147.5209,,2,2,,21.9944964444,10.8821798551,NA,365,,,,,,,,,,,,,,,,,
328321,Sus_barbatus,Artiodactyla,Suidae,Sus,barbatus,X,2.00,135805.95,-999.00,1349.99,-999.00,-999.00,-999.00,-999.00,6.00,-999.00,114.63,1.00,-999.00,-999.00,-999.00,6.59,1.00,-999.00,-999.00,-999.00,-999.00,-999.00,362.50,6.25,12,1.00,2,105.85,-999.00,-999.00,NA,122 ,,NA,2,,NA,NA,NA,NA,,,,,,,,,,,,,,,,,
328322,Sus_bucculentus,Artiodactyla,Suidae,Sus,bucculentus,X,-999.00,-999.00,-999.00,-999.00,-999.00,-999.00,-999.00,-999.00,-999.00,-999.00,-999.00,-999.00,-999.00,-999.00,-999.00,-999.00,-999.00,-999.00,-999.00,-999.00,-999.00,-999.00,-999.00,-999.00,-999,-999.00,-999,-999.00,-999.00,-999.00,NA,NA,,NA,2,,NA,NA,NA,NA,,,,,,,,,,,,,,,,,
328323,Sus_cebifrons,Artiodactyla,Suidae,Sus,cebifrons,X,2.00,190792.30,-999.00,1349.99,-999.00,-999.00,-999.00,-999.00,6.00,-999.00,125.14,-999.00,-999.00,-999.00,-999.00,4.58,1.00,-999.00,-999.00,-999.00,-999.00,-999.00,283.18,4.50,12,-999.00,2,105.85,-999.00,-999.00,NA,NA,,NA,2,,NA,NA,NA,NA,,,,,,,,,,,,,,,,,
328325,Sus_celebensis,Artiodactyla,Suidae,Sus,celebensis,X,2.00,53813.21,-999.00,-999.00,-999.00,-999.00,-999.00,-999.00,5.00,-999.00,126.00,-999.00,-999.00,-999.00,-999.00,3.24,-999.00,-999.00,-999.00,-999.00,-999.00,-999.00,-999.00,-999.00,12,-999.00,2,-999.00,-999.00,-999.00,NA,1368.7515,,2,2,,NA,18,3,NA,,,,,,,,,,,,,,,,,
328326,Sus_philippensis,Artiodactyla,Suidae,Sus,philippensis,X,2.00,190792.30,-999.00,1349.99,-999.00,-999.00,-999.00,-999.00,6.00,-999.00,125.14,-999.00,-999.00,-999.00,-999.00,6.24,1.00,-999.00,-999.00,-999.00,-999.00,-999.00,283.18,3.75,12,-999.00,2,105.85,-999.00,-999.00,NA,NA,,NA,2,,NA,NA,NA,NA,,,,,,,,,,,,,,,,,
328327,Sus_salvanius,Artiodactyla,Suidae,Sus,salvanius,X,2.00,7974.13,-999.00,599.66,-999.00,-999.00,-999.00,-999.00,4.00,-999.00,110.50,1.00,0.15,-999.00,-999.00,3.66,-999.00,144.00,-999.00,-999.00,-999.00,-999.00,-999.00,5.00,9,1.00,2,-999.00,-999.00,-999.00,NA,108 ,,NA,2,,23.0136734097,23.0136734097,NA,NA,,,,,,,,,,,,,,,,,
328663,Sus_scrofa,Artiodactyla,Suidae,Sus,scrofa,X,2.00,84471.54,-999.00,1349.99,-999.00,312.00,-999.00,-999.00,5.00,-999.00,115.20,-999.00,1.18,5.80,230.00,4.52,1.50,252.00,807.77,239.99,3.54,-999.00,350.76,13.00,11,-999.00,2,97.88,6469.99,419.99,NA,114,,2,2,,6,10,3,230,,,,,,,,,,,,,,,,,
328329,Sus_verrucosus,Artiodactyla,Suidae,Sus,verrucosus,X,-999.00,89406.23,-999.00,1250.00,-999.00,-999.00,-999.00,-999.00,3.00,-999.00,121.66,-999.00,-999.00,-999.00,-999.00,5.47,-999.00,168.00,-999.00,-999.00,-999.00,-999.00,-999.00,5.00,12,-999.00,2,-999.00,-999.00,-999.00,NA,121.6668,,1,2,,NA,9.00820930607,NA,NA,,,,,,,,,,,,,,,,,
328711,Sylvicapra_grimmia,Artiodactyla,Bovidae,Sylvicapra,grimmia,X,2.00,15639.15,-999.00,960.71,-999.00,608.33,-999.00,-999.00,4.00,-999.00,174.89,1.00,-999.00,-999.00,234.00,0.98,2.00,171.96,1581.45,-999.00,2.42,-999.00,293.14,1.00,4,1.00,1,60.83,4955.54,-999.00,NA,148.5855,,1,2,,8.38355245638,8.38355245638,NA,245,,,,,,,,,,,,,,,,,
328707,Syncerus_caffer,Artiodactyla,Bovidae,Syncerus,caffer,X,2.00,592665.98,-999.00,2525.86,-999.00,1460.00,-999.00,-999.00,1.00,-999.00,337.49,1.00,63.73,59.79,638.75,1.08,1.00,354.00,39843.11,-999.00,5.84,3000.00,1683.65,12.00,-999,1.00,1,319.37,151878.40,-999.00,4,338,,2,1,,72,54.0,4,635,,,,,,,,,,,,,,,,,
47187256,Tapirus_bairdii,Perissodactyla,Tapiridae,Tapirus,bairdii,X,2.00,293781.59,-999.00,2199.99,-999.00,-999.00,-999.00,-999.00,4.00,-999.00,396.24,1.00,1.15,0.94,-999.00,1.00,-999.00,-999.00,-999.00,-999.00,0.34,-999.00,710.47,1.00,-999,1.00,1,362.93,171864.36,-999.00,6,395,,1,2,,NA,NA,1,NA,,,,,,,,,,,,,,,,,
49149276,Tapirus_indicus,Perissodactyla,Tapiridae,Tapirus,indicus,X,1.00,311209.19,-999.00,2224.85,-999.00,-999.00,-999.00,-999.00,3.00,-999.00,396.50,1.00,9.40,8.70,657.00,1.00,0.50,360.00,6848.35,-999.00,0.11,1.00,1132.72,1.50,-999,1.00,1,211.71,-999.00,-999.00,6,400,,1,2,,36,33.6,1,NA,,,,,,,,,,,,,,,,,
129472,Tapirus_pinchaque,Perissodactyla,Tapiridae,Tapirus,pinchaque,X,2.00,156923.40,-999.00,-999.00,-999.00,-999.00,-999.00,-999.00,4.00,-999.00,393.99,1.00,6.38,7.67,-999.00,1.00,-999.00,-999.00,4720.00,-999.00,0.27,1.00,1113.70,-999.00,-999,1.00,1,339.47,-999.00,-999.00,4,398 ,,1,2,,NA,NA,NA,NA,,,,,,,,,,,,,,,,,
328009,Tapirus_terrestris,Perissodactyla,Tapiridae,Tapirus,terrestris,X,2.00,169496.64,-999.00,2004.97,-999.00,-999.00,-999.00,-999.00,5.00,-999.00,395.41,1.00,-999.00,-999.00,-999.00,1.00,-999.00,420.00,4507.91,-999.00,0.85,-999.00,862.17,1.00,2,1.00,2,277.49,-999.00,-999.00,6,387,,1,2,,35.999960548,29.5,NA,NA,,,,,,,,,,,,,,,,,
1038783,Taurotragus_derbianus,Artiodactyla,Bovidae,Taurotragus,derbianus,X,-999.00,646024.25,-999.00,2522.02,-999.00,-999.00,-999.00,-999.00,1.00,-999.00,-999.00,1.00,-999.00,-999.00,-999.00,-999.00,-999.00,194.04,-999.00,-999.00,0.74,50.00,755.15,-999.00,-999,1.00,1,-999.00,-999.00,-999.00,NA,258.5419,,1,1,,NA,36.3944806636,NA,NA,,,,,,,,,,,,,,,,,
1038784,Taurotragus_oryx,Artiodactyla,Bovidae,Taurotragus,oryx,X,2.00,562592.69,-999.00,2656.78,-999.00,958.12,36000.00,150000.00,3.00,-999.00,271.00,1.00,195.15,38.36,337.00,1.00,-999.00,300.00,30889.05,-999.00,1.64,500.00,672.49,4.05,-999,1.00,1,128.68,96495.55,-999.00,NA,274.8148,,1,1,,18.772582167,19.3643623404,NA,340,,,,,,,,,,,,,,,,,
357663,Tayassu_pecari,Artiodactyla,Tayassuidae,Tayassu,pecari,X,2.00,31798.71,119.00,1110.00,-999.00,-999.00,-999.00,-999.00,6.00,-999.00,158.00,1.00,40.97,10.68,-999.00,2.00,-999.00,252.00,1000.00,368.99,1.59,102.50,684.67,-999.00,4,1.00,2,13.64,-999.00,-999.00,NA,158 ,,2,2,,18.0164186121,18.0164186121,NA,NA,,,,,,,,,,,,,,,,,
1038785,Tetracerus_quadricornis,Artiodactyla,Bovidae,Tetracerus,quadricornis,X,-999.00,19282.12,-999.00,1000.00,-999.00,365.00,-999.00,-999.00,5.00,-999.00,207.31,-999.00,-999.00,-999.00,316.00,1.65,-999.00,129.96,1040.00,-999.00,-999.00,-999.00,-999.00,-999.00,-999,-999.00,1,-999.00,-999.00,-999.00,6,238.7710,,1,2,,NA,11.9999868493,NA,316,,,,,,,,,,,,,,,,,
1038786,Tragelaphus_angasii,Artiodactyla,Bovidae,Tragelaphus,angasii,X,2.00,87616.76,-999.00,1935.86,-999.00,695.78,-999.00,-999.00,4.00,-999.00,219.99,1.00,1.63,-999.00,297.00,1.00,-999.00,192.00,5541.58,-999.00,126.94,-999.00,645.51,15.50,-999,1.00,1,212.91,-999.00,-999.00,NA,239.2273,,2,2,,NA,14.8602576874,NA,295,,,,,,,,,,,,,,,,,
1038787,Tragelaphus_buxtoni,Artiodactyla,Bovidae,Tragelaphus,buxtoni,X,2.00,215000.75,-999.00,2249.44,-999.00,-999.00,-999.00,-999.00,1.00,-999.00,-999.00,1.00,-999.00,-999.00,-999.00,1.00,-999.00,132.00,-999.00,-999.00,80.50,9.00,755.15,15.00,-999,1.00,1,-999.00,-999.00,-999.00,4,258.5419,,2,1,,21,21,3,NA,,,,,,,,,,,,,,,,,
1038788,Tragelaphus_eurycerus,Artiodactyla,Bovidae,Tragelaphus,eurycerus,X,2.00,270998.37,-999.00,2274.99,-999.00,-999.00,-999.00,-999.00,4.00,-999.00,284.99,1.00,-999.00,-999.00,-999.00,1.00,-999.00,233.00,19944.92,-999.00,0.40,-999.00,887.46,13.50,-999,1.00,1,-999.00,-999.00,-999.00,NA,293.9774,,1,2,,30.0492821378,26.4986010974,NA,NA,,,,,,,,,,,,,,,,,
1038789,Tragelaphus_imberbis,Artiodactyla,Bovidae,Tragelaphus,imberbis,X,-999.00,94320.39,-999.00,1675.00,-999.00,1115.07,-999.00,-999.00,3.00,-999.00,222.00,1.00,-999.00,-999.00,258.54,1.00,-999.00,227.00,5891.21,-999.00,0.35,-999.00,666.44,3.00,-999,1.00,1,-999.00,-999.00,-999.00,NA,241.8127,,1,2,,16.569844855,16.569844855,NA,259,,,,,,,,,,,,,,,,,
1038790,Tragelaphus_scriptus,Artiodactyla,Bovidae,Tragelaphus,scriptus,X,2.00,43250.39,-999.00,1247.10,-999.00,644.15,-999.00,-999.00,4.00,-999.00,182.50,2.00,0.02,0.02,235.72,1.00,-999.00,156.00,3027.79,-999.00,1.52,-999.00,431.61,1.00,-999,1.00,1,-999.00,-999.00,-999.00,NA,184.9335,,1,2,,NA,16.3068314446,NA,236,,,,,,,,,,,,,,,,,
1038791,Tragelaphus_spekii,Artiodactyla,Bovidae,Tragelaphus,spekii,X,2.00,75554.25,-999.00,1520.84,-999.00,608.33,-999.00,-999.00,2.00,-999.00,241.15,2.00,-999.00,-999.00,352.83,1.00,-999.00,258.00,4000.00,-999.00,1.66,-999.00,619.06,6.00,-999,1.00,1,-999.00,-999.00,-999.00,NA,244.8544,,2,2,,NA,13.1835471961,NA,353,,,,,,,,,,,,,,,,,
1038792,Tragelaphus_strepsiceros,Artiodactyla,Bovidae,Tragelaphus,strepsiceros,X,3.00,206056.41,-999.00,2199.99,-999.00,912.50,-999.00,-999.00,2.00,-999.00,220.94,1.00,835.10,783.47,365.00,1.00,-999.00,276.00,15366.57,-999.00,1.06,-999.00,665.38,12.00,-999,1.00,1,182.50,-999.00,-999.00,NA,238.7710,,1,2,,NA,16.9972416469,NA,365,,,,,,,,,,,,,,,,,
328339,Tragulus_javanicus,Artiodactyla,Tragulidae,Tragulus,javanicus,X,1.00,1889.93,-999.00,514.29,-999.00,-999.00,872.10,1618.00,3.00,-999.00,158.55,-999.00,-999.00,-999.00,-999.00,0.98,-999.00,144.00,-999.00,-999.00,-999.00,-999.00,157.32,1.00,4,-999.00,1,21.00,-999.00,-999.00,NA,144 ,,NA,2,,5.49040494202,5.49040494202,NA,NA,,,,,,,,,,,,,,,,,
32137235,Tragulus_kanchil,Artiodactyla,Tragulidae,Tragulus,kanchil,X,-999.00,-999.00,-999.00,-999.00,-999.00,-999.00,-999.00,-999.00,-999.00,-999.00,-999.00,-999.00,-999.00,-999.00,-999.00,-999.00,-999.00,-999.00,-999.00,-999.00,-999.00,-999.00,-999.00,-999.00,-999,-999.00,-999,-999.00,-999.00,-999.00,NA,NA,,NA,2,,NA,NA,NA,NA,,,,,,,,,,,,,,,,,
328340,Tragulus_napu,Artiodactyla,Tragulidae,Tragulus,napu,X,1.00,5273.67,-999.00,562.36,-999.00,250.93,-999.00,-999.00,3.00,-999.00,154.24,-999.00,-999.00,-999.00,152.08,0.96,1.00,195.96,372.99,-999.00,-999.00,-999.00,156.25,-999.00,4,-999.00,1,84.86,-999.00,-999.00,NA,153.5,,1,2,,4.5,4.5,NA,152,,,,,,,,,,,,,,,,,
309016,Vicugna_vicugna,Artiodactyla,Camelidae,Vicugna,vicugna,X,-999.00,47499.61,-999.00,1575.00,-999.00,1140.62,-999.00,-999.00,1.00,-999.00,345.45,1.00,0.12,0.13,547.50,1.00,1.00,297.60,6082.92,-999.00,3.10,-999.00,941.19,-999.00,-999,1.00,1,309.89,-999.00,-999.00,NA,340 ,,NA,2,,23.9999736987,23.9999736987,NA,548,,,,,,,,,,,,,,,,,
